Order_ID,Order_Date,Customer_ID,Category,Product,Region,Salesperson,Quantity,Unit_Price,Discount,Payment_Method
ORD-10283,03/10/2026,C1099,Decor,Rug,Burnaby,David,1,456.79,0.2,E-transfer
ORD-10803,2025-11-28,C1119,Storage,Sideboard,Surrey,David,5,858.07,0.0,E-transfer
ORD-10380,2025-04-23,C1078,Decor,Vase,Burnaby,Alex,1,92.02,0.1,Credit Card
ORD-10616,2025-01-29,C1187,Furniture,Dining Chair,North Vancouver,Sara,3,206.08,0.0,Credit Card
ORD-10804,2025-08-30,C1211,Storage,Sideboard,Surrey,Alex,2,711.85,0.0,Cash
ORD-11122,2026-04-23,C1036,Storage,Storage Bench,Vancouver,John,2,291.85,0.2,E-transfer
ORD-10406,2026-02-03,,Furniture,Coffee Table,North Vancouver,Mina,1,421.26,0.1,Credit Card
ORD-10885,2025-05-31,C1174,Decor,Vase,Burnaby,Sara,5,92.29,0.05,Debit
ORD-10993,2025-07-05,C1246,Decor,Art Print,Richmond,Sara,2,111.16,0.0,Debit
ORD-10801,2025-12-23,C1045,Furniture,Dining Chair,Richmond,David,4,240.64,0.05,E-transfer
ORD-10668,2026-01-03,C1048,Decor,Wall Mirror,North Vancouver,Mina,2,197.89,0.0,Credit Card
ORD-10430,invalid_date,C1089,Decor,Wall Mirror,Vancouver,Alex,2,184.14,0.0,Debit
ORD-10490,2025-05-14,C1166,Furniture,Bookshelf,Burnaby,Alex,5,635.72,0.0,Debit
ORD-10451,2025-05-18,C1201,Decor,Rug,North Vancouver,Sara,2,354.76,0.05,Credit Card
ORD-10182,2025-06-04,C1072,Decor,Vase,Burnaby,Alex,2,100.23,0.0,Cash
ORD-10958,2026-08-04,C1074,Decor,Rug,Surrey,David,1,336.52,0.0,Cash
ORD-10627,2025-05-30,C1209,Decor,Wall Mirror,Richmond,David,2,182.79,0.1,Debit
ORD-10689,2025-01-13,C1190,Furniture,Coffee Table,Surrey,Sara,2,430.95,0.15,Cash
ORD-10787,01/03/2026,C1178,Storage,Cabinet,North Vancouver,David,5,568.46,0.0,Debit
ORD-10360,2025-06-09,C1013,Decor,Vase,North Vancouver,Sara,3,93.81,0.0,Debit
ORD-10594,2026-05-03,C1142,Furniture,Bookshelf,North Vancouver,David,2,644.7,0.0,Debit
ORD-10849,2025-11-30,C1152,Furniture,Bookshelf,North Vancouver,John,1,611.12,0.05,Cash
ORD-10980,2025-05-15,C1090,Furniture,Dining Chair,Richmond,David,2,,0.2,Credit Card
ORD-10193,2026-04-10,C1187,Furniture,Dining Chair,North Vancouver,David,5,206.93,0.1,Credit Card
ORD-10956,2026-02-05,C1060,Storage,Sideboard,Surrey,Sara,5,912.54,0.0,E-transfer
ORD-10622,2025-12-14,C1056,Decor,Art Print,Burnaby,Mina,4,118.11,0.2,E-transfer
ORD-10766,2025-04-20,C1114,Storage,Sideboard,Surrey,David,2,753.49,0.0,Cash
ORD-10244,2026-02-08,C1192,Furniture,Coffee Table,Surrey,John,1,420.91,0.0,Credit Card
ORD-10023,2025-02-19,C1111,Decor,Rug,North Vancouver,Sara,1,397.93,0.0,E-transfer
ORD-10784,2025-06-28,C1110,Furniture,Vintage Lamp, Vancouver ,Sara,5,158.45,0.0,Debit
ORD-10749,2025-08-03,C1055,Furniture,Dining Chair,North Vancouver,Sara,1,244.23,0.0,Cash
ORD-10891,2026-03-26,C1120,Storage,Storage Bench,North Vancouver,Mina,4,357.44,0.0,Cash
ORD-10466,2025-07-31,C1085,Decor,Art Print,North Vancouver,Sara,5,141.42,0.1,Debit
ORD-10180,2026-07-02,C1235,Storage,Cabinet,North Vancouver,Sara,3,762.68,0.15,E-transfer
ORD-10931,2025-06-26,C1103,Furniture,Coffee Table,Richmond,Alex,1,428.96,0.05,Cash
ORD-10632,2025-04-03,C1137,Furniture,Vintage Lamp,Surrey,Mina,5,188.43,0.1,Cash
ORD-10735,2025-02-01,C1157,Decor,Vase,Burnaby,John,4,105.44,0.0,Cash
ORD-10599,2026-08-22,C1078,Furniture,Vintage Lamp,North Vancouver,David,3,207.78,0.15,Debit
ORD-10323,2025-01-26,C1041,Storage,Cabinet,Richmond,Sara,1,603.37,0.0,Credit Card
ORD-10272,2026-02-19,C1164,Decor,Art Print,Richmond,David,4,$155.23,0.0,Cash
ORD-10823,2025-04-23,C1062,Storage,Sideboard,Richmond,Alex,3,897.33,0.0,Cash
ORD-10662,2025-04-29,C1228,Storage,Sideboard,Vancouver,Alex,4,683.85,0.0,Credit Card
ORD-10199,2025-04-26,C1237,Storage,Storage Bench,Burnaby,David,3,306.0,0.1,E-transfer
ORD-10539,2025-03-21,C1061,Decor,Wall Mirror,Burnaby,Alex,1,248.63,0.0,Debit
ORD-11114,2025-07-31,C1089,Decor,Wall Mirror,Richmond,Mina,2,247.75,0.15,Debit
ORD-10800,2025-05-06,C1119,Decor,Vase,North Vancouver,John,1,,0.0,credit card
ORD-10505,2025-02-08,C1038,Decor,Rug,North Vancouver,Sara,2,366.16,0.0,E-transfer
ORD-10550,2025-07-11,C1022,Furniture,Bookshelf,Surrey,David,3,526.16,0.2,Credit Card
ORD-10779,2025-03-27,C1176,Furniture,Coffee Table,Vancouver,Alex,4,373.37,0.0,Cash
ORD-10369,2025-02-22,C1164,Storage,Storage Bench,North Vancouver,David,5,293.67,0.15,Debit
ORD-11128,2025-08-24,C1224,Decor,Rug,Richmond,John,2,379.07,0.05,Cash
ORD-10215,2026-01-31,C1243,Decor,Vase,Burnaby,Sara,2,99.18,0.0,Debit
ORD-10379,2025-01-22,C1039,Decor,Rug,North Vancouver,Alex,1,407.42,0.0,E-transfer
ORD-10426,06/07/2025,C1204,Storage,Cabinet,Surrey,Alex,2,658.0,0.0,E-transfer
ORD-11160,2025-04-16,C1167,Furniture,Dining Chair,Vancouver,John,2,252.42,0.0,E-transfer
ORD-10218,2026-07-22,C1231,Storage,Cabinet,Richmond,John,4,641.79,0.15,Credit Card
ORD-10018,2026-06-26,C1181,Furniture,Vintage Lamp,Burnaby,John,3,181.71,0.0,E-transfer
ORD-11148,2026-01-12,C1244,Storage,Sideboard,Vancouver,Alex,3,832.9,0%,Credit Card
ORD-10046,2025-10-30,C1135,Storage,Cabinet,Vancouver,Mina,5,751.56,0.15,Credit Card
ORD-10340,2026-04-18,C1246,Storage,Cabinet,North Vancouver,Alex,4,696.36,0.15,Credit Card
ORD-10169,2025-04-17,C1146,Decor,Vase,Vancouver,John,3,103.3,0.15,Debit
ORD-10427,2025-11-06,C1120,Furniture,Coffee Table,Vancouver,Alex,2,445.78,0.0,Credit Card
ORD-10866,07/26/2025,C1249,Storage,Sideboard,Burnaby,Alex,2,868.65,0.05,Credit Card
ORD-10042,2025-05-29,C1211,Furniture,Dining Chair,North Vancouver,John,3,223.88,0.1,Credit Card
ORD-11175,2025-05-13,C1010,Storage,Storage Bench,Vancouver,Sara,2,323.14,0.0,Debit
ORD-10728,2025-09-17,,Decor,Wall Mirror,Richmond,Sara,4,199.37,0.0,Credit Card
ORD-10399,2026-08-18,C1126,Furniture,Coffee Table,Vancouver,David,1,394.87,0.0,E-transfer
ORD-10913,2026-08-23,C1099,Decor,Art Print,Burnaby,John,4,111.68,0.0,Debit
ORD-10136,2025-11-18,C1181,Furniture,Bookshelf,Vancouver,Mina,3,597.87,0.0,E-transfer
ORD-10016,2025-02-22,C1092,Decor,Vase,North Vancouver,Mina,5,$84.67,20%,E-transfer
ORD-11005,2025-10-01,C1229,Decor,Vase,North Vancouver,David,1,,0.0,Cash
ORD-10128,2026-01-08,C1058,Furniture,Vintage Lamp,Richmond,Alex,4,168.22,0.05,Cash
ORD-10130,2026-07-06,C1228,Furniture,Dining Chair,North Vancouver,Sara,2,242.17,0.05,Debit
ORD-11007,2026-08-22,C1207,Storage,Storage Bench,Burnaby,Mina,5,341.56,0.0,Credit Card
ORD-10882,2026-02-05,C1071,Decor,Rug,North Vancouver,Alex,2,$435.57,0.05,Credit Card
ORD-10824,2026-04-26,C1201,Storage,Sideboard,Surrey,Alex,3,825.48,0.1,E-transfer
ORD-10454,2026-03-21,C1040,Decor,Wall Mirror,Burnaby,Mina,2,236.18,0.0,Cash
ORD-11066,2025-04-04,C1220,Decor,Rug, Vancouver ,David,3,407.51,0.1,Credit Card
ORD-10996,2025-07-26,C1227,Storage,Storage Bench,Richmond,Sara,2,299.01,0.1,E-transfer
ORD-10459,2026-04-24,C1132,Decor,Rug,Surrey,Mina,3,450.21,0.1,E-transfer
ORD-10009,2026-04-14,C1010,Decor,Art Print,Vancouver,David,2,131.38,0.05,Credit Card
ORD-11134,2026-04-09,C1171,Furniture,Bookshelf,Richmond,John,2,579.15,0.2,Cash
ORD-10837,2026-01-13,C1198,Decor,Rug,Richmond,Mina,3,418.18,0.05,Debit
ORD-10103,2025-01-25,C1219,Furniture,Vintage Lamp,North Vancouver,John,2,201.97,0.0,Debit
ORD-10576,2026-06-26,C1065,Furniture,Bookshelf,Richmond,Mina,1,480.01,0.1,Cash
ORD-11171,2025-05-31,C1203,Furniture,Coffee Table,Vancouver,Alex,1,446.98,0.15,Credit Card
ORD-10810,2026-06-16,C1215,Storage,Sideboard,Surrey,John,1,737.1,0.1,Credit Card
ORD-10977,2026-03-17,C1093,Furniture,Coffee Table,North Vancouver,Mina,4,455.93,0.0,E-transfer
ORD-11006,2025-06-20,C1101,Decor,Rug,Richmond,Alex,1,361.54,0.0,Credit Card
ORD-10537,2026-02-22,C1246,Furniture,Bookshelf,Surrey,Mina,2,503.24,0.1,Credit Card
ORD-10937,2026-01-04,C1086,Decor,Art Print,Surrey,,1,110.97,0.05,Cash
ORD-10196,2025-08-09,C1163,Storage,Sideboard,Surrey,John,2,722.84,0.0,Credit Card
ORD-11169,2026-08-04,C1131,Storage,Cabinet,Vancouver,Sara,5,639.3,0.0,E-transfer
ORD-10732,2026-01-28,C1154,Furniture,Coffee Table, Vancouver ,Mina,2,409.82,0.0,Cash
ORD-10729,2025-04-12,C1182,Storage,Sideboard,North Vancouver,David,2,860.54,0.0,Credit Card
ORD-10429,2026-01-07,C1233,Decor,Art Print,Vancouver,Sara,1,142.2,0.15,Cash
ORD-10860,2026-07-18,C1154,Storage,Storage Bench,Surrey,David,3,295.01,0.0,E-transfer
ORD-11037,2025-03-29,C1214,Furniture,Coffee Table,Richmond,Sara,1,431.93,0.0,Debit
ORD-10351,2026-08-19,C1028,Decor,Art Print,Richmond,John,4,126.04,0.0,E-transfer
ORD-10209,2026-05-27,C1173,Decor,Wall Mirror,Richmond,Sara,1,233.94,0.1,Cash
ORD-10569,2025-05-20,C1179,Decor,Vase,Vancouver,Sara,4,101.37,0.1,Cash
ORD-10224,2025-12-31,C1032,Decor,Rug,Richmond,Sara,4,389.51,0.0,Credit Card
ORD-10536,2025-01-08,C1209,Furniture,Dining Chair,Burnaby,Mina,4,227.57,0.0,Cash
ORD-10142,2026-07-02,C1220,Storage,Storage Bench,Surrey,Alex,unknown,305.0,0.0,Cash
ORD-10318,2026-06-20,C1149,Decor,Rug,North Vancouver,David,4,333.0,0.0,E-transfer
ORD-11159,2025-10-14,C1036,Decor,Art Print,Burnaby,David,1,123.61,0.05,Cash
ORD-10065,2025-03-15,C1137,Storage,Sideboard,Vancouver,Sara,1,823.59,0.1,Debit
ORD-10242,2026-07-24,C1118,Decor,Rug,Burnaby,Mina,4,378.99,0.0,Debit
ORD-10443,2025-05-16,C1229,Decor,Wall Mirror,Burnaby,Mina,4,240.29,0.0,Credit Card
ORD-11146,2025-07-16,C1242,Storage,Cabinet,Vancouver,John,5,706.72,0.0,E-transfer
ORD-10478,2025-01-22,,Furniture,Bookshelf,Vancouver,Mina,2,597.81,0.0,Credit Card
ORD-10506,2025-01-03,C1225,Storage,Sideboard,Burnaby,David,5,713.32,0.05,Cash
ORD-10321,2026-03-03,C1136,Furniture,Dining Chair,Surrey,David,3,205.55,0.0,E-transfer
ORD-10036,2025-03-16,C1244,Storage,Cabinet,Burnaby,Sara,3,763.52,0.0,Debit
ORD-10324,2026-07-10,C1134,Furniture,Bookshelf,Vancouver,David,3,515.46,0.15,Cash
ORD-10970,2026-05-23,C1114,Decor,Art Print,Burnaby,Mina,2,143.3,0.0,Credit Card
ORD-10467,2025-12-24,C1160,Decor,Wall Mirror,Burnaby,Mina,3,187.25,0.0,E-transfer
ORD-11016,2025-11-19,C1134,Decor,Wall Mirror,Richmond,Alex,1,225.42,0.0,Credit Card
ORD-11145,2025-12-07,C1036,Decor,Art Print,Burnaby,Mina,2,$130.42,0.0,E-transfer
ORD-10488,2026-02-23,C1229,Decor,Vase,Richmond,Alex,2,100.51,0.0,Cash
ORD-10917,2026-01-11,C1008,Decor,Wall Mirror,Vancouver,Mina,3,242.81,0.0,Debit
ORD-11196,2026-08-07,C1112,Decor,Wall Mirror,Burnaby,John,5,246.29,0.0,Debit
ORD-10044,2025-04-10,C1114,Storage,Storage Bench,Vancouver,Mina,3,313.39,0.0,Credit Card
ORD-10356,2026-04-10,C1120,Storage,Cabinet,North Vancouver,Sara,1,726.48,0.15,Debit
ORD-10291,2025-11-15,C1016,Decor,Art Print,Surrey,David,5,132.16,0.0,Credit Card
ORD-10968,2026-03-29,C1162,Decor,Wall Mirror,Surrey,Mina,2,216.26,0.0,E-transfer
ORD-10092,2026-06-29,C1049,Furniture,Vintage Lamp,Burnaby,Sara,2,155.81,0.0,Debit
ORD-11071,2025-08-25,,Furniture,Vintage Lamp,Richmond,Mina,2,182.4,0.0,Debit
ORD-10407,2025-11-20,C1015,Furniture,Vintage Lamp,Vancouver,Mina,4,183.33,0.05,Debit
ORD-11026,2025-01-26,C1039,Decor,Vase,Surrey,Sara,3,80.88,0.2,E-transfer
ORD-11011,2025-05-16,C1084,Furniture,Dining Chair,North Vancouver,Sara,4,228.26,0.0,
ORD-11080,2025-10-07,C1002,Storage,Storage Bench,North Vancouver,Alex,1,380.81,0.1,Cash
ORD-10025,2026-06-22,C1079,Decor,Rug,Vancouver,Alex,1,350.64,0.05,E-transfer
ORD-10640,2026-01-21,C1011,Decor,Art Print,North Vancouver,John,5,140.19,0.05,E-transfer
ORD-10503,2025-05-21,C1149,Decor,Vase,Richmond,Sara,3,93.83,0.1,E-transfer
ORD-10744,2025-04-01,C1250,decor,Wall Mirror,North Vancouver,John,5,190.67,0.1,Credit Card
ORD-10344,2026-07-13,C1244,Decor,Vase,Burnaby,John,1,97.46,0.2,E-transfer
ORD-10293,2026-07-08,C1073,Furniture,Bookshelf,Burnaby,Sara,4,541.1,0.0,Credit Card
ORD-11193,2025-04-10,C1044,Decor,Wall Mirror,Richmond,Mina,1,221.6,0.0,Cash
ORD-10090,2025-11-30,C1163,Storage,Storage Bench,Vancouver,Mina,5,377.41,0.2,Debit
ORD-10724,2026-07-24,C1182,Decor,Art Print,Richmond,Mina,2,145.35,0.15,Cash
ORD-11184,2025-01-27,C1040,Storage,Cabinet,Burnaby,Mina,2,,0.05,Credit Card
ORD-10661,2025-04-05,C1158,Decor,Vase,North Vancouver,Mina,4,95.12,0.0,Credit Card
ORD-11039,2025-02-15,,Decor,Vase,North Vancouver,Mina,1,94.74,0.1,E-transfer
ORD-11197,2025-08-03,C1249,Decor,Art Print,Burnaby,Alex,2,113.56,0.0,
ORD-10737,2025-05-18,C1136,decor,Art Print,Vancouver,Mina,2,137.45,0.0,Credit Card
ORD-10457,2026-04-04,C1045,Decor,Wall Mirror,Burnaby,Alex,2,205.0,0.1,Credit Card
ORD-11185,2025-12-17,C1195,Storage,Storage Bench,North Vancouver,,3,358.94,0.05,Cash
ORD-10665,2025-09-11,C1002,Storage,Storage Bench,Burnaby,David,3,289.82,0.0,Credit Card
ORD-10126,2026-07-13,C1216,Storage,Cabinet,Surrey,Sara,2,563.55,0.0,Credit Card
ORD-10532,2026-02-24,C1065,Furniture,Coffee Table,Richmond,Mina,3,452.24,0.0,Credit Card
ORD-10826,2025-05-26,C1056,Decor,Rug,Vancouver,Alex,3,380.76,0.1,Credit Card
ORD-11021,2025-01-04,C1026,Decor,Wall Mirror,Burnaby,David,5,217.81,0.0,E-transfer
ORD-10939,2026-02-06,C1123,Storage,Cabinet,Vancouver,Sara,3,612.24,0.1,E-transfer
ORD-11124,2025-03-01,C1193,Storage,Cabinet,Richmond,Sara,2,691.48,0.05,E-transfer
ORD-10978,2025-04-28,C1145,furniture,Vintage Lamp,Vancouver,Mina,2,193.14,0.0,Credit Card
ORD-10071,2026-05-25,C1243,Storage,Cabinet,North Vancouver,Sara,2,565.52,0.1,Cash
ORD-10819,2026-05-04,C1147,Storage,Cabinet,North Vancouver,Sara,1,722.86,0.1,Debit
ORD-10146,2025-07-11,C1097,Decor,Vase,Richmond,Sara,4,100.99,0.05,credit card
ORD-10976,2025-11-05,C1118,Storage,Sideboard,Surrey,Mina,4,814.36,0.0,Credit Card
ORD-11075,2025-06-20,C1067,Furniture,Dining Chair,Surrey,John,1,245.23,0.0,E-transfer
ORD-10950,2025-02-28,C1167,Decor,Rug,Richmond,Sara,1,340.14,0.1,Debit
ORD-11132,2025-12-16,C1127,Furniture,Coffee Table,Surrey,John,4,449.87,0.05,Credit Card
ORD-11102,2025-03-08,C1076,Decor,Art Print,Richmond,Sara,1,155.33,0.0,Cash
ORD-11143,2025-03-09,C1093,Decor,Wall Mirror,Vancouver,Sara,2,194.48,0.15,Debit
ORD-10222,2026-08-03,C1213,Furniture,Coffee Table,Vancouver,John,2,498.65,0.15,E-transfer
ORD-10277,2025-05-07,C1063,Decor,Rug,North Vancouver,Sara,1,456.72,0.15,Credit Card
ORD-10014,2025-02-24,C1180,Decor,Wall Mirror,Vancouver,John,1,231.59,0.0,E-transfer
ORD-10418,2026-01-21,C1219,Furniture,Coffee Table,Vancouver,David,4,425.0,0.0,Credit Card
ORD-10320,2025-06-30,C1186,Storage,Sideboard,Burnaby,Alex,3,793.28,0.0,Credit Card
ORD-10085,2026-05-21,C1142,Furniture,Vintage Lamp,Burnaby,Mina,5,156.5,0.0,Credit Card
ORD-10771,2025-07-18,C1092,Furniture,Bookshelf,Burnaby,Sara,5,514.25,0.0,Debit
ORD-11057,2025-09-29,C1242,Furniture,Bookshelf,North Vancouver,Mina,2,531.68,0.05,E-transfer
ORD-10624,2026-03-07,C1191,Furniture,Vintage Lamp,Burnaby,Mina,1,168.76,0.15,Credit Card
ORD-10698,2025-10-23,C1249,Furniture,Vintage Lamp,Richmond,Alex,5,158.09,0.1,Cash
ORD-11103,2025-06-10,C1063,Storage,Cabinet,Vancouver,Sara,1,736.43,0.0,Debit
ORD-10375,2026-04-09,C1067,Storage,Sideboard,North Vancouver,David,5,766.43,0.05,E-transfer
ORD-10916,2025-07-03,C1213,Storage,Storage Bench,Vancouver,Alex,2,283.22,0.0,E-transfer
ORD-10789,2026-03-24,C1087,Storage,Storage Bench,Vancouver,David,2,-359.25,0.0,E-transfer
ORD-10529,2025-01-25,C1175,Decor,Art Print,Vancouver,Sara,2,149.95,0.0,E-transfer
ORD-10876,2025-09-11,C1248,Storage,Sideboard,Surrey,David,2,779.47,0.0,E-transfer
ORD-10422,2025-01-10,C1044,Decor,Art Print,Surrey,Sara,3,154.09,0.05,
ORD-11023,2025-09-25,C1196,Storage,Cabinet,Vancouver,Mina,1,$595.57,0.0,E-transfer
ORD-10512,2026-03-11,C1165,Furniture,Bookshelf,Burnaby,Sara,3,646.34,0.15,E-transfer
ORD-10852,2026-07-16,C1046,Storage,Storage Bench,Surrey,John,2,293.98,0.15,Cash
ORD-11183,2025-01-07,C1208,Furniture,Vintage Lamp,Richmond,John,4,174.39,0.0,Credit Card
ORD-10509,2025-10-25,C1211,Decor,Art Print ,Burnaby,Mina,5,138.59,0.0,Debit
ORD-11001,2026-05-28,C1097,Decor,Art Print,Surrey,John,5,146.12,0.15,E-transfer
ORD-10992,2025-01-28,C1201,Decor,Vase,Richmond,Sara,5,95.06,0.05,Credit Card
ORD-11094,2026-02-19,C1156,Decor,Vase,Surrey,Alex,5,99.88,0.05,Cash
ORD-10131,2025-07-11,C1075,Storage,Storage Bench,Burnaby,Mina,1,372.81,0.05,Debit
ORD-10710,2026-06-17,C1233,Decor,Rug,Surrey,Alex,4,370.15,0.1,E-transfer
ORD-11014,2026-04-26,C1213,Storage,Cabinet,Burnaby,Sara,4,664.34,0.0,E-transfer
ORD-10785,2025-05-28,C1110,Decor,Rug,Richmond,Sara,3,415.02,0.15,Credit Card
ORD-10230,2025-01-22,C1120,Furniture,Dining Chair,North Vancouver,Alex,2,248.91,0.2,Credit Card
ORD-10841,2026-05-14,C1202,Decor,Wall Mirror,Burnaby,John,5,190.2,0.2,Debit
ORD-10060,2025-03-13,C1123,Furniture,Bookshelf,Surrey,Alex,5,498.95,0.0,Debit
ORD-10911,2025-03-26,C1093,Furniture,Bookshelf,Surrey,Alex,3,577.6,0.0,Credit Card
ORD-10382,07/04/2025,C1019,Decor,Art Print,Surrey,Alex,2,124.11,0.0,credit card
ORD-10213,2025-12-20,C1110,Storage,Storage Bench,Richmond,John,1,321.93,0.0,E-transfer
ORD-10754,2025-12-01,C1210,Decor,Art Print,Burnaby,John,1,143.45,0.1,E-transfer
ORD-11093,2025-05-18,C1028,Decor,Rug,Vancouver,Mina,4,393.27,0.0,Cash
ORD-10309,2026-08-23,C1088,Decor,Rug,Burnaby,Alex,2,362.07,0.0,Debit
ORD-10736,2025-01-09,C1072,Storage,Sideboard,Burnaby,Alex,5,663.61,0.05,Credit Card
ORD-10038,2025-03-05,C1002,Furniture,Coffee Table,North Vancouver,Sara,5,377.63,0.0,E-transfer
ORD-10500,2025-12-23,C1018,Decor,Rug,Vancouver,David,4,364.92,0.1,Cash
ORD-10674,2025-06-05,C1084,Storage,Sideboard,Burnaby,Sara,3,728.93,0.0,E-transfer
ORD-10109,2025-07-28,C1178,Decor,Rug,Richmond,Mina,3,447.98,0.0,Debit
ORD-10072,2026-05-18,C1029,Storage,Storage Bench,Vancouver,Alex,5,285.14,0.0,E-transfer
ORD-11084,2025-01-25,C1171,Storage,Storage Bench,Richmond,John,1,389.39,0.0,E-transfer
ORD-10436,2026-06-01,C1088,Furniture,Vintage Lamp,North Vancouver,John,2,204.85,0.15,Cash
ORD-10834,2025-09-21,C1211,Storage,Cabinet,Surrey,John,4,728.59,0.1,Debit
ORD-10894,2026-07-26,C1011,Decor,Rug,North Vancouver,Sara,3,389.9,0.1,Debit
ORD-10110,2026-06-16,C1169,Furniture,Dining Chair,Burnaby,Mina,3,219.76,0.0,E-transfer
ORD-10554,2026-05-24,C1222,Decor,Art Print,Richmond,Mina,2,129.0,0.15,Credit Card
ORD-10485,2025-03-31,C1030,Decor,Art Print,Richmond,David,5,134.77,0.1,Credit Card
ORD-11106,2026-02-26,C1163,Decor,Wall Mirror,Vancouver,Alex,5,236.85,0.0,Cash
ORD-10678,2025-04-19,C1151,Storage,Storage Bench,Richmond,John,5,325.88,0.05,Credit Card
ORD-10795,2025-08-27,C1238,Furniture,Coffee Table,Vancouver,Alex,2,357.65,0.0,
ORD-10153,2025-11-28,C1186,Storage,Cabinet,Surrey,Mina,2,574.56,0.15,E-transfer
ORD-10726,2025-07-08,C1178,Storage,Storage Bench,Burnaby,Alex,3,336.65,0.1,E-transfer
ORD-10651,2026-06-13,C1040,Furniture,Bookshelf,Richmond,Sara,3,583.22,0.1,Debit
ORD-10045,2025-04-15,C1129,Storage,Cabinet,Surrey,John,1,564.64,0.05,Debit
ORD-11129,2025-08-20,C1051,Furniture,Coffee Table,Burnaby,Mina,3,415.06,0.05,E-transfer
ORD-10547,2025-02-26,C1008,Furniture,Dining Chair,Surrey,Sara,1,220.02,0.05,Debit
ORD-11182,2026-04-07,C1155,Decor,Rug,Richmond,David,3,423.79,0.0,Debit
ORD-10930,2025-08-19,C1185,Decor,Art Print,Surrey,Mina,3,125.26,0.1,Cash
ORD-10682,2025-04-22,C1054,Decor,Rug,Richmond,Sara,3,361.43,0.0,E-transfer
ORD-10172,2026-06-29,C1101,Decor,Art Print,Burnaby,Alex,4,129.58,0.05,Debit
ORD-11125,2025-06-12,C1121,Furniture,Vintage Lamp,Richmond,John,3,201.98,0.15,Credit Card
ORD-10746,2025-05-23,,Decor,Art Print,Richmond,John,5,148.2,0.2,E-transfer
ORD-11097,2025-04-17,C1142,Decor,Art Print,Vancouver,Sara,2,132.3,0.0,Cash
ORD-10838,2025-01-16,C1017,Storage,Sideboard,Vancouver,Alex,3,665.04,0.15,E-transfer
ORD-10174,2025-07-15,C1235,Furniture,Vintage Lamp,North Vancouver,Alex,5,165.46,0.1,Credit Card
ORD-10123,2025-09-07,C1104,Decor,Vase,North Vancouver,Sara,2,,0.0,Credit Card
ORD-10448,2025-11-03,C1016,Furniture,Dining Chair,North Vancouver,David,3,283.69,0.0,Cash
ORD-10635,2025-03-24,C1180,storage,Sideboard,Richmond,David,5,816.99,0.0,Debit
ORD-10349,2025-07-25,C1139,Furniture,Bookshelf,Vancouver,John,3,483.64,0.0,Credit Card
ORD-10039,2026-04-28,C1212,furniture,Bookshelf,Vancouver,Alex,4,567.61,0.1,Credit Card
ORD-10252,2026-03-25,C1141,Decor,Art Print,Vancouver,Sara,1,151.21,0.0,Cash
ORD-11135,2025-06-21,C1182,Storage,Cabinet,Richmond,David,4,629.41,0.0,Credit Card
ORD-10915,2026-02-02,C1116,Decor,Vase,North Vancouver,David,5,88.64,0.0,Debit
ORD-10949,2025-06-24,C1167,Furniture,Coffee Table,North Vancouver,Mina,1,375.21,0.15,Credit Card
ORD-11170,2026-08-11,C1149,Decor,Rug,Vancouver,David,3,377.54,0.0,E-transfer
ORD-11098,2025-11-05,C1102,Storage,Storage Bench,Richmond,David,2,309.85,0.1,Cash
ORD-10313,2025-12-03,C1104,Decor,Art Print,Richmond,Alex,1,133.5,0.05,E-transfer
ORD-10266,2025-04-16,C1231,Storage,Cabinet,North Vancouver,Alex,4,$737.23,0.0,Credit Card
ORD-10234,2025-06-21,C1169,Storage,Cabinet,North Vancouver,,3,771.89,0.0,E-transfer
ORD-10149,2026-06-13,C1244,Decor,Rug,Vancouver,Mina,3,369.46,0.0,E-transfer
ORD-10290,2025-05-19,C1111,Storage,Cabinet,Surrey,Sara,4,558.68,0.2,E-transfer
ORD-10714,2025-04-04,C1145,Furniture,Bookshelf,North Vancouver,John,5,654.32,0.0,E-transfer
ORD-11085,2025-03-31,C1052,Storage,Storage Bench,Vancouver,Sara,1,301.22,0.1,
ORD-10204,2026-06-19,C1211,Storage,Cabinet,North Vancouver,Mina,5,659.41,0.0,Credit Card
ORD-10373,11/19/2025,C1118,Storage,Sideboard,Burnaby,Mina,5,744.05,0.0,Debit
ORD-10808,2026-04-11,C1019,Decor,Wall Mirror,North Vancouver,David,4,193.32,0.1,Credit Card
ORD-10292,2026-05-03,C1033,Furniture,Bookshelf,Vancouver,David,5,544.51,0.05,Cash
ORD-10176,2025-05-02,C1193,Storage,Storage Bench,North Vancouver,Mina,4,343.11,0.1,E-transfer
ORD-10946,2025-12-13,C1210,Decor,Wall Mirror,North Vancouver,Mina,unknown,233.95,0.0,Debit
ORD-10535,2026-02-25,C1169,Decor,Vase,Vancouver,John,1,107.04,0.05,E-transfer
ORD-10147,2025-10-08,C1091,Decor,Rug,Burnaby,Alex,3,358.36,0.0,Credit Card
ORD-10398,2025-02-13,C1212,Decor,Art Print,Burnaby,Mina,1,137.44,0.1,Credit Card
ORD-10697,2025-10-18,C1164,Storage,Storage Bench,Vancouver,John,2,386.62,0.1,Credit Card
ORD-11123,2025-07-19,C1077,Furniture,Bookshelf,Vancouver,Alex,2,593.32,0.0,Credit Card
ORD-10617,2026-02-15,,Decor,Art Print,Burnaby,David,5,113.27,0.0,E-transfer
ORD-10403,2026-07-13,C1188,Furniture,Vintage Lamp,Surrey,John,5,160.8,0.0,Credit Card
ORD-10963,2025-02-22,C1046,Decor,Art Print,Richmond,Sara,5,155.8,0.2,Cash
ORD-10879,2026-03-30,C1186,Decor,Vase,Vancouver,Mina,5,99.95,0.1,E-transfer
ORD-10068,2026-08-23,C1156,Furniture,Vintage Lamp,Vancouver,Alex,4,194.94,0.1,Cash
ORD-10654,2025-12-03,C1025,Furniture,Vintage Lamp,Vancouver,Sara,2,186.81,0.1,Cash
ORD-10366,2025-11-04,C1095,Furniture,Vintage Lamp,Vancouver,David,3,169.29,0.1,Cash
ORD-11111,2025-10-14,C1003,Storage,Storage Bench,Burnaby,David,5,302.71,0.15,Debit
ORD-11050,2025-10-27,C1085,Storage,Cabinet,Surrey,John,50,671.14,0.0,Credit Card
ORD-10603,2026-08-02,C1183,Storage,Cabinet,Richmond,Sara,2,693.96,0.0,Cash
ORD-10128,2026-01-08,C1058,Furniture,Vintage Lamp,Richmond,Alex,4,168.22,0.05,Cash
ORD-10450,2025-11-16,C1140,Storage,Storage Bench,Surrey,Sara,4,325.3,0.1,Debit
ORD-10679,2025-09-01,C1015,Furniture,Vintage Lamp,Vancouver,John,5,193.9,0.05,Debit
ORD-10070,2025-01-22,C1205,Furniture,Coffee Table,Surrey,John,5,357.8,0.0,Cash
ORD-10994,2025-05-25,C1088,Storage,Storage Bench,Surrey,Alex,2,369.76,0.0,Cash
ORD-11140,2026-08-18,C1064,Storage,Storage Bench,Surrey,Alex,3,363.99,0.0,Credit Card
ORD-11033,2026-08-17,C1078,Storage,Sideboard,Richmond,Mina,5,801.12,0.0,Credit Card
ORD-10346,2025-04-22,C1101,Storage,Storage Bench,Burnaby,Mina,2,315.31,0.0,Credit Card
ORD-10987,invalid_date,C1126,Furniture,Coffee Table,North Vancouver,Alex,5,439.54,0.0,Cash
ORD-10392,2025-11-25,C1222,Storage,Cabinet,Richmond,Sara,3,649.47,0.1,E-transfer
ORD-10119,2025-04-22,C1107,Furniture,Bookshelf,Surrey,David,3,586.19,0.0,Cash
ORD-11107,2025-07-23,C1004,Decor,Wall Mirror,Vancouver,David,4,224.67,0.0,Credit Card
ORD-10542,2025-10-21,C1022,Decor,Vase,Vancouver,John,5,81.99,0.1,Debit
ORD-10739,2025-12-07,C1078,Storage,Sideboard,Burnaby,David,1,889.25,0.0,Debit
ORD-10183,2025-04-11,C1114,Furniture,Bookshelf,Surrey,Sara,3,477.47,0.0,Cash
ORD-11155,2026-03-10,C1172,Storage,Cabinet,Surrey,Sara,3,683.06,0.1,E-transfer
ORD-10585,2026-03-01,C1112,Decor,Rug,North Vancouver,John,4,466.35,0.2,Cash
ORD-10376,2026-04-22,C1248,Furniture,Bookshelf,Surrey,Mina,5,487.51,0.0,
ORD-10357,2026-04-29,C1124,Furniture,Bookshelf,Vancouver,John,4,536.46,0.15,Cash
ORD-11192,2025-12-14,C1095,Furniture,Bookshelf,North Vancouver,John,5,634.51,0.1,Cash
ORD-11187,2026-06-06,C1220,Furniture,Bookshelf,Burnaby,John,3,533.0,0.2,Debit
ORD-10166,2025-01-02,C1220,Furniture,Coffee Table,Vancouver,David,4,503.03,0.0,Debit
ORD-10037,2026-07-28,C1125,Decor,Art Print,Vancouver,Mina,2,123.53,0.15,E-transfer
ORD-10438,2025-05-25,C1209,Furniture,Dining Chair,North Vancouver,Mina,4,210.92,0.0,E-transfer
ORD-10043,2025-12-23,C1080,Storage,Cabinet,Burnaby,John,3,585.75,0.1,Credit Card
ORD-10890,2025-01-26,C1213,Storage,Sideboard,Burnaby,David,4,900.17,0.05,Credit Card
ORD-10378,2026-06-06,C1112,Furniture,Coffee Table,Surrey,Mina,5,449.46,0.05,Cash
ORD-10641,2026-02-28,C1133,Decor,Art Print,Richmond,Mina,4,121.25,0.0,Debit
ORD-10022,2025-07-28,C1038,Storage,Sideboard,North Vancouver,Mina,3,824.32,0.0,Debit
ORD-11018,2025-12-27,C1120,Furniture,Dining Chair,Burnaby,David,5,211.13,0.0,Cash
ORD-10066,2025-06-27,C1004,Storage,Storage Bench,Burnaby,Mina,3,333.46,0.0,Cash
ORD-11188,2025-07-02,,Storage,Storage Bench,Vancouver,John,3,332.54,0.1,Debit
ORD-11117,2025-03-15,C1110,Decor,Rug,Vancouver,Mina,1,394.08,0.0,E-transfer
ORD-10686,2026-06-04,C1176,Storage,Sideboard,North Vancouver,Mina,2,749.81,0.0,Cash
ORD-10263,2026-06-08,C1033,Storage,Storage Bench,Richmond,Alex,4,383.28,0%,Debit
ORD-10216,2025-04-10,C1216,Decor,Wall Mirror,Burnaby,Alex,2,231.65,0.0,E-transfer
ORD-11044,2026-05-19,C1118,Storage,Sideboard,Vancouver,Sara,2,683.37,0.1,Credit Card
ORD-10140,2026-04-23,C1235,Storage,Cabinet,Vancouver,Alex,1,670.85,0.0,Cash
ORD-10997,2025-07-21,C1143,Furniture,Bookshelf,Vancouver,Mina,4,606.75,0.0,Debit
ORD-11139,2025-04-08,C1088,Furniture,Dining Chair,North Vancouver,John,5,208.7,0.05,Cash
ORD-10362,2025-04-02,C1138,Decor,Art Print,Richmond,Mina,1,126.51,0.05,Cash
ORD-10515,2026-07-04,C1033,Decor,Rug,Richmond,John,1,447.56,0.2,Credit Card
ORD-10079,2025-07-02,C1101,Storage,Cabinet,Surrey,John,1,649.85,0.05,Debit
ORD-10802,2026-07-19,C1056,Storage,Sideboard, Burnaby ,Alex,2,779.85,0.0,E-transfer
ORD-11036,2026-02-22,C1102,Decor,Art Print,Richmond,John,2,119.39,0.0,Credit Card
ORD-10416,2025-05-08,C1050,Storage,Sideboard,Vancouver,Alex,4,886.71,0.0,E-transfer
ORD-11131,2026-03-08,C1088,Furniture,Dining Chair,Burnaby,Alex,4,267.69,0.15,Debit
ORD-10541,2026-04-27,C1031,Furniture,Dining Chair,North Vancouver,Mina,2,277.87,0.0,E-transfer
ORD-10566,2025-03-08,C1213,Storage,Cabinet,Vancouver,Mina,4,709.92,0.05,Cash
ORD-10807,2025-09-15,C1148,Decor,Vase,Vancouver,Sara,4,93.88,0.0,E-transfer
ORD-10165,2026-03-27,C1053,Decor,Art Print,North Vancouver,Mina,1,146.61,0.0,Debit
ORD-10701,2025-02-06,C1191,Furniture,Vintage Lamp,Surrey,David,4,181.27,0.0,Debit
ORD-10310,2026-08-20,C1086,Decor,Art Print,Surrey,Alex,4,$155.56,0.05,Cash
ORD-10570,07/25/2025,C1087,Furniture,Bookshelf, Vancouver ,David,3,605.16,0.0,E-transfer
ORD-10151,03/08/2025,C1079,Storage,Sideboard,Surrey,David,5,731.92,0.0,Cash
ORD-10767,2026-01-27,C1235,Decor,Rug,North Vancouver,John,2,427.04,0.0,Credit Card
ORD-10164,2026-07-07,C1233,Storage,Cabinet,Burnaby,Sara,5,630.17,0.0,Cash
ORD-10337,05/29/2025,C1192,Decor,Wall Mirror,North Vancouver,Sara,3,212.06,0.0,Debit
ORD-11141,2025-09-08,C1087,Decor,Wall Mirror,North Vancouver,John,1,193.33,0.2,Debit
ORD-10589,2026-04-23,C1204,Decor,Art Print,Vancouver,David,2,120.89,0.05,Debit
ORD-10322,2026-05-02,C1217,Decor,Rug,Richmond,Alex,3,428.65,0.0,E-transfer
ORD-10433,2026-07-25,C1131,Storage,Storage Bench,Richmond,Alex,3,327.99,0.1,Cash
ORD-11078,2026-06-04,C1192,Decor,Rug,North Vancouver,Alex,4,386.31,0.05,E-transfer
ORD-10187,2025-04-16,C1061,Storage,Storage Bench,Richmond,,3,329.41,0.05,E-transfer
ORD-10425,2025-10-27,C1082,Decor,Art Print, Burnaby ,Mina,2,139.79,0.2,E-transfer
ORD-10581,2026-03-24,C1074,Furniture,Coffee Table,Richmond,John,2,387.67,0.0,Credit Card
ORD-10312,2026-08-15,C1241,Furniture,Bookshelf,Burnaby,Sara,3,653.6,0.1,Debit
ORD-10249,2026-01-18,C1076,Storage,Sideboard,Burnaby,Mina,3,896.75,0.05,E-transfer
ORD-10643,2025-02-18,C1222,Storage,Storage Bench,Surrey,Sara,3,334.78,0.0,Debit
ORD-10912,2025-05-05,C1231,Decor,Rug,Burnaby,Sara,4,424.72,0.0,Debit
ORD-10625,2025-11-03,C1158,Storage,Cabinet,Richmond,David,4,655.04,0.1,Debit
ORD-10508,2025-05-30,C1207,Storage,Storage Bench,Surrey,Sara,4,382.9,0.0,Cash
ORD-10528,2025-12-29,C1044,Decor,Wall Mirror,Surrey,Mina,5,251.01,0.1,Cash
ORD-10540,2025-12-04,C1034,Decor,Rug,Vancouver,John,5,456.97,0.0,E-transfer
ORD-10845,2025-07-26,C1150,Decor,Vase,North Vancouver,Alex,3,95.8,0.05,Credit Card
ORD-10631,2025-03-18,C1004,Furniture,Bookshelf,Burnaby,Alex,3,544.4,0.1,Debit
ORD-10893,2026-05-07,C1213,Decor,Vase,Vancouver,Alex,2,102.18,0.0,Cash
ORD-10254,2025-04-16,C1201,Furniture,Coffee Table,Vancouver,David,5,409.58,0.0,Debit
ORD-10960,2026-07-01,C1206,Storage,Cabinet,Richmond,Alex,2,721.91,0.2,Debit
ORD-10839,2025-04-29,C1141,Furniture,Coffee Table,North Vancouver,,2,488.67,0.0,Cash
ORD-10051,2026-01-19,C1109,Storage,Sideboard,Richmond,Sara,4,735.74,0.0,Debit
ORD-10905,2025-09-23,C1092,Furniture,Dining Chair,Surrey,David,1,259.27,0.0,Credit Card
ORD-10439,2025-09-15,C1063,Storage,Sideboard,North Vancouver,David,1,789.78,0.0,Credit Card
ORD-10093,2025-10-23,C1211,Storage,Sideboard,North Vancouver,John,4,685.96,0.0,E-transfer
ORD-11180,2026-05-19,C1235,Storage,Storage Bench,Surrey,Alex,2,372.31,0.0,Cash
ORD-10395,2025-07-16,C1217,Furniture,Dining Chair,Burnaby,Sara,3,229.66,0.0,Credit Card
ORD-10102,2026-08-14,C1243,Decor,Rug,Surrey,Alex,1,370.84,0.1,Debit
ORD-10504,invalid_date,C1002,Furniture,Dining Chair,Surrey,Alex,3,226.42,0.15,Debit
ORD-10319,2025-05-02,C1050,Storage,Cabinet,Richmond,John,5,702.65,0.1,Cash
ORD-10910,2025-03-08,C1074,Decor,Art Print,Vancouver,David,4,115.33,0.1,Cash
ORD-10561,2026-01-24,C1001,Decor,Art Print,North Vancouver,Mina,2,116.64,0.0,Credit Card
ORD-10232,2025-02-05,C1181,Storage,Cabinet,Richmond,Sara,2,742.4,0.0,Cash
ORD-11009,2025-01-23,C1060,Furniture,Vintage Lamp,North Vancouver,Sara,2,161.45,0.05,Cash
ORD-10601,2025-05-28,C1090,Decor,Wall Mirror,Surrey,David,2,193.12,0.0,Debit
ORD-10715,2025-02-09,C1130,Furniture,Vintage Lamp,North Vancouver,Mina,2,157.72,0.05,Debit
ORD-10605,2026-08-03,C1119,Furniture,Vintage Lamp,Richmond,David,4,190.73,0.0,Credit Card
ORD-10417,2026-05-13,C1150,Storage,Storage Bench,North Vancouver,Alex,3,312.52,0.0,Cash
ORD-10940,2026-04-24,C1067,Furniture,Dining Chair,Surrey,,1,269.85,0.0,Credit Card
ORD-10201,2025-10-19,C1065,Storage,Sideboard,Surrey,Sara,2,734.03,0.0,Cash
ORD-10211,2026-08-11,C1073,Storage,Cabinet,North Vancouver,John,5,665.94,0.0,Debit
ORD-10909,2025-11-15,C1109,Storage,Storage Bench,Vancouver,Sara,4,301.09,0.05,Credit Card
ORD-10459,2026-04-24,C1132,Decor,Rug,Surrey,Mina,3,450.21,0.1,E-transfer
ORD-10848,2025-06-24,C1209,Storage,Storage Bench,Burnaby,Mina,5,328.11,0.1,Debit
ORD-10516,2025-08-23,C1235,Furniture,Vintage Lamp,North Vancouver,David,2,169.23,0.0,Credit Card
ORD-10047,2025-05-30,C1071,Storage,Cabinet,Vancouver,Sara,2,682.46,0.0,Debit
ORD-10863,2025-11-13,C1148,Furniture,Coffee Table,Vancouver,David,5,453.71,0.0,E-transfer
ORD-10026,2026-01-31,C1081,Furniture,Dining Chair,Vancouver,Alex,2,265.07,0.1,Cash
ORD-10786,2025-12-21,C1105,Storage,Sideboard,Richmond,Sara,3,801.3,0.0,E-transfer
ORD-10094,2026-02-07,C1182,decor,Art Print,Burnaby,Alex,3,145.21,0.0,E-transfer
ORD-11089,2025-04-13,C1009,Decor,Vase,Richmond,John,3,84.84,0.05,E-transfer
ORD-11096,2026-03-31,C1089,Furniture,Dining Chair,North Vancouver,John,5,285.39,0.2,E-transfer
ORD-10708,2026-04-26,C1039,Storage,Cabinet,Vancouver,Mina,4,629.91,0.0,E-transfer
ORD-11133,2025-04-05,C1074,Furniture,Coffee Table,Richmond,John,5,,0.1,Debit
ORD-11150,2025-11-13,C1019,Decor,Vase,Richmond,Alex,4,103.88,0.0,Cash
ORD-10338,2025-12-23,C1190,Storage,Sideboard,Burnaby,John,2,668.96,0.05,Debit
ORD-10853,invalid_date,C1027,Storage,Cabinet,Richmond,David,3,694.15,0.0,E-transfer
ORD-10296,2025-09-26,C1018,Storage,Storage Bench,Vancouver,Mina,3,320.47,0.0,Cash
ORD-10135,2025-01-10,C1098,Furniture,Vintage Lamp,Vancouver,Mina,5,215.56,0.05,Cash
ORD-10720,2025-11-27,,Decor,Rug,Burnaby,John,5,415.93,0.0,E-transfer
ORD-10412,2025-11-08,C1196,Furniture,Coffee Table,Vancouver,David,2,411.13,0.0,Credit Card
ORD-10223,2025-08-13,C1127,Storage,Storage Bench,Richmond,David,3,292.18,0.1,E-transfer
ORD-10685,2026-05-12,C1085,Furniture,Dining Chair,Surrey,David,4,268.75,0.05,Debit
ORD-10465,2025-02-15,C1203,Decor,Rug,North Vancouver,Sara,4,432.49,0.2,E-transfer
ORD-11035,2026-03-26,C1226,Decor,Wall Mirror,Burnaby,David,3,206.58,0.05,Credit Card
ORD-10280,2026-05-08,C1106,Storage,Storage Bench,Vancouver,John,1,367.05,0.0,Credit Card
ORD-10148,2026-02-15,C1182,Furniture,Vintage Lamp,Burnaby,Sara,2,174.39,0.2,Credit Card
ORD-10830,2025-05-15,C1062,Furniture,Bookshelf,Burnaby,Sara,4,536.91,0.0,Debit
ORD-10285,2025-08-18,C1195,Decor,Rug,Burnaby,David,4,465.27,0.15,Cash
ORD-10649,2026-01-08,C1218,Storage,Storage Bench,Vancouver,Mina,5,316.43,0.0,Credit Card
ORD-11012,2025-04-20,C1177,Decor,Wall Mirror,Surrey,Alex,1,238.1,0.05,Debit
ORD-10116,2025-12-21,C1214,Storage,Storage Bench,Burnaby,David,2,355.97,0.0,Debit
ORD-10139,2025-12-07,C1038,Decor,Art Print,Richmond,John,4,145.01,0.2,E-transfer
ORD-10709,2025-02-12,C1126,Furniture,Bookshelf,North Vancouver,John,4,481.97,0.0,Debit
ORD-10286,2025-12-30,C1237,Furniture,Dining Chair,Vancouver,Mina,2,259.31,0.1,Credit Card
ORD-10502,2026-02-23,C1193,Decor,Rug,North Vancouver,David,3,369.53,0.1,Credit Card
ORD-10006,2025-10-13,,Decor,Wall Mirror,Richmond,Sara,4,195.18,0.1,Cash
ORD-10077,2025-06-30,C1065,Furniture,Bookshelf,Surrey,Mina,3,589.29,0.1,Cash
ORD-10902,2025-04-24,C1084,Storage,Cabinet,Vancouver,Sara,3,717.96,0.0,Cash
ORD-10405,03/08/2026,C1231,Furniture,Bookshelf,Surrey,Sara,5,590.89,0.0,Cash
ORD-10926,2025-07-19,C1065,Storage,Cabinet,North Vancouver,David,3,705.01,0.0,Debit
ORD-10944,2026-02-22,C1089,Furniture,Vintage Lamp,Surrey,Alex,5,169.2,0.15,Cash
ORD-10052,2025-08-09,C1109,Decor,Wall Mirror,Burnaby,Sara,2,205.43,0.0,E-transfer
ORD-10947,2025-12-17,C1190,Storage,Cabinet,Vancouver,Alex,4,648.18,0.0,Credit Card
ORD-10699,2025-11-08,C1169,Storage,Cabinet, Vancouver ,John,5,579.23,0.15,Credit Card
ORD-11020,2025-08-07,C1247,Furniture,Vintage Lamp,Vancouver,,3,196.27,0.0,Debit
ORD-10278,2026-06-05,C1135,Decor,Wall Mirror,Surrey,Alex,5,200.98,0.05,Credit Card
ORD-10394,2026-02-16,C1016,Furniture,Coffee Table,Burnaby,David,5,395.71,0.0,E-transfer
ORD-10463,2025-03-23,C1024,Furniture,Dining Chair,Surrey,David,3,213.82,0.0,Debit
ORD-10791,2026-01-06,C1231,Decor,Vase,Vancouver,David,3,109.64,0.0,E-transfer
ORD-10019,2026-05-29,C1166,Decor,Wall Mirror,Richmond,David,3,234.25,0.1,E-transfer
ORD-10189,2025-07-10,C1053,Furniture,Bookshelf,Vancouver,David,2,566.4,0.0,E-transfer
ORD-10734,2025-12-24,C1093,Storage,Sideboard,North Vancouver,Alex,5,913.95,0.0,credit card
ORD-10308,2026-04-01,C1237,Furniture,Dining Chair,Richmond,Sara,2,223.38,0.15,Cash
ORD-11000,2025-03-13,C1128,Decor,Vase,Vancouver,Sara,1,99.68,0.0,Debit
ORD-10659,2025-12-23,C1167,Furniture,Vintage Lamp,Vancouver,Sara,unknown,215.31,0.2,Debit
ORD-10315,2026-04-01,C1245,Furniture,Vintage Lamp,Burnaby,Sara,1,187.9,0.0,Credit Card
ORD-10534,2025-09-08,C1053,Decor,Rug,Vancouver,John,5,331.99,0.0,
ORD-10260,2026-01-04,C1127,Decor,Rug,Surrey,David,3,452.95,0.15,Debit
ORD-11099,2025-07-29,C1101,Storage,Storage Bench,Vancouver,Sara,4,308.73,0.0,Debit
ORD-10127,2025-03-24,C1234,Decor,Wall Mirror,Vancouver,John,2,246.03,0.0,Credit Card
ORD-11082,2025-04-07,C1165,Furniture,Bookshelf,Richmond,David,3,$642.18,0.0,Debit
ORD-10755,2025-07-10,C1126,Storage,Storage Bench,Richmond,Sara,4,356.03,0.0,Credit Card
ORD-10979,2025-10-14,C1006,Furniture,Vintage Lamp,Surrey,John,1,191.27,0.0,Debit
ORD-10328,2025-11-02,C1033,Decor,Vase,Surrey,Sara,4,91.13,0.2,Debit
ORD-10830,2025-05-15,C1062,Furniture,Bookshelf,Burnaby,Sara,4,536.91,0.0,Debit
ORD-10255,2025-03-18,C1038,Furniture,Dining Chair,Vancouver,Mina,2,250.22,0.1,Debit
ORD-10523,2025-08-14,C1117,Furniture,Bookshelf,North Vancouver,Sara,1,535.45,0.0,Credit Card
ORD-10195,2026-03-19,C1051,Decor,Vase,Richmond,Mina,3,89.31,0.1,Cash
ORD-10301,2025-09-26,C1250,Decor,Wall Mirror,Burnaby,David,4,208.56,0.0,Debit
ORD-10108,2025-01-18,C1153,Furniture,Coffee Table,Surrey,David,3,416.0,0.15,Credit Card
ORD-10134,2025-03-28,C1199,Furniture,Vintage Lamp,Richmond,Sara,4,196.67,0.0,Cash
ORD-10013,2026-04-16,C1105,Furniture,Coffee Table,North Vancouver,David,3,454.65,0.0,Credit Card
ORD-11165,2025-06-04,C1194,Storage,Cabinet,Surrey,Sara,1,758.83,0.05,Cash
ORD-10872,2025-09-01,C1182,Furniture,Dining Chair,Vancouver,David,2,263.85,0.05,Credit Card
ORD-10842,2025-03-14,C1015,Decor,Art Print,Richmond,Alex,4,147.67,0.0,E-transfer
ORD-10041,2025-09-05,C1029,Storage,Sideboard,Surrey,John,2,765.15,0.0,Cash
ORD-10658,2025-06-27,C1158,Storage,Storage Bench,North Vancouver,Alex,5,329.64,0.2,E-transfer
ORD-10806,2025-01-07,C1004,Storage,Cabinet,North Vancouver,Mina,3,580.48,0.0,Debit
ORD-10656,2026-01-25,C1090,Decor,Vase,Vancouver,John,2,97.3,0.0,Credit Card
ORD-10955,2026-06-16,C1188,Furniture,Dining Chair,Vancouver,Mina,3,261.19,0.15,Cash
ORD-10062,2025-07-08,C1022,Storage,Sideboard,North Vancouver,Mina,3,706.03,0.0,Debit
ORD-10421,2026-06-26,C1135,Storage,Storage Bench, Surrey ,Alex,1,376.26,0.05,E-transfer
ORD-10076,2025-10-03,C1219,Decor,Rug,Richmond,Mina,3,438.53,0.05,Credit Card
ORD-10533,2026-07-14,C1204,Decor,Wall Mirror,North Vancouver,Alex,3,234.47,0.15,E-transfer
ORD-10507,2025-09-26,C1044,Storage,Storage Bench,Richmond,David,3,367.07,0.2,E-transfer
ORD-10055,2025-05-02,C1230,Furniture,Coffee Table,Vancouver,John,1,459.14,0.15,E-transfer
ORD-10152,2026-08-14,C1148,Storage,Storage Bench,Vancouver,Mina,1,393.96,0.2,Credit Card
ORD-11091,2025-12-02,C1074,Storage,Cabinet,North Vancouver,David,1,716.67,0.0,Credit Card
ORD-10410,2026-02-12,C1046,Storage,Storage Bench,Burnaby,Sara,3,290.94,0.05,E-transfer
ORD-10957,2026-06-23,C1001,Storage,Storage Bench,Vancouver,John,2,359.05,0.0,Cash
ORD-10607,2025-04-16,C1070,Furniture,Bookshelf,Burnaby,,4,486.15,0.1,Debit
ORD-10347,2025-04-19,C1127,Storage,Storage Bench,Burnaby,Mina,3,358.44,0.0,Debit
ORD-10878,10/22/2025,C1149,Furniture,Bookshelf,North Vancouver,John,1,663.44,0.15,Cash
ORD-10864,2026-06-04,C1113,Decor,Wall Mirror,North Vancouver,David,1,180.17,0.05,E-transfer
ORD-10352,2026-01-03,C1152,Storage,Cabinet,Burnaby,David,3,555.71,0.15,Credit Card
ORD-10371,2025-02-10,C1026,Decor,Art Print,Burnaby,Mina,4,112.26,0.1,E-transfer
ORD-10813,2025-08-07,C1191,Furniture,Dining Chair,Surrey,David,5,216.58,0.05,Debit
ORD-10227,2025-01-25,C1233,Storage,Sideboard,Burnaby,Mina,1,789.05,0.05,Credit Card
ORD-10284,2026-08-15,C1154,Decor,Vase, North Vancouver ,Sara,1,83.87,0.0,Debit
ORD-11142,2025-09-02,C1199,Decor,Art Print,Burnaby,Sara,3,116.85,0.0,Debit
ORD-10590,2025-11-23,C1035,Decor,Rug,Burnaby,Alex,4,452.42,0.0,Debit
ORD-10982,2026-05-24,C1075,Furniture,Coffee Table,Vancouver,Sara,3,361.05,0.1,Cash
ORD-11154,2025-04-12,C1028,Decor,Vase,Burnaby,Sara,2,89.41,0.15,Cash
ORD-10273,2026-03-14,C1104,Furniture,Vintage Lamp,Richmond,Sara,5,200.54,0.0,Credit Card
ORD-10711,2026-05-05,C1127,Furniture,Dining Chair,North Vancouver,Mina,3,270.62,0.1,Debit
ORD-10171,2025-08-08,C1224,Decor,Rug,Richmond,Sara,4,432.31,0.0,E-transfer
ORD-10740,2025-07-08,C1141,Decor,Wall Mirror,Vancouver,John,2,243.03,0.15,Debit
ORD-10809,2026-07-24,C1154,Storage,Cabinet,Vancouver,Mina,1,657.84,0.05,Debit
ORD-10088,2025-07-06,C1189,Decor,Rug,Burnaby,John,3,425.37,0.1,E-transfer
ORD-11010,2025-08-30,C1208,Storage,Sideboard,Burnaby,John,5,705.18,0.0,Cash
ORD-10184,2026-04-10,C1113,Furniture,Vintage Lamp,North Vancouver,David,4,160.29,0.0,Credit Card
ORD-10275,2025-06-14,C1006,Decor,Vase, North Vancouver ,Mina,4,89.22,0.0,Debit
ORD-10773,2025-05-13,C1005,Furniture,Vintage Lamp,Richmond,Mina,5,165.64,0.0,Credit Card
ORD-10750,2025-10-01,C1002,Decor,Wall Mirror,Vancouver,Mina,4,223.93,0.0,Debit
ORD-10104,2025-09-04,C1056,Furniture,Bookshelf,Richmond,Mina,2,631.56,0.0,Cash
ORD-10738,2025-01-18,C1201,Furniture,Vintage Lamp,North Vancouver,Sara,2,172.41,0.15,Debit
ORD-10983,2025-02-06,C1176,Decor,Art Print,Vancouver,Alex,5,148.41,0.0,Cash
ORD-10383,2026-03-14,C1053,Storage,Cabinet,Richmond,David,5,768.37,0.1,Debit
ORD-11077,2025-06-09,C1090,Furniture,Coffee Table,Burnaby,John,4,438.73,0.15,E-transfer
ORD-10873,2025-12-05,C1028,Storage,Sideboard,Burnaby,John,4,700.87,0.0,Debit
ORD-10948,2026-06-20,C1061,Storage,Storage Bench,Richmond,Mina,1,343.52,0.0,Cash
ORD-11128,2025-08-24,C1224,Decor,Rug,Richmond,John,2,379.07,0.05,Cash
ORD-11194,2025-09-08,C1123,Furniture,Bookshelf,Richmond,Mina,1,616.71,0.0,Credit Card
ORD-10237,2025-08-20,C1029,Decor,Vase,Vancouver,Alex,5,92.77,0.0,Credit Card
ORD-10668,2026-01-03,C1048,Decor,Wall Mirror,North Vancouver,Mina,2,197.89,0.0,Credit Card
ORD-10575,2025-12-02,C1040,Furniture,Coffee Table,North Vancouver,Alex,5,357.15,0.0,Cash
ORD-10444,2026-04-29,C1185,Furniture,Dining Chair,Richmond,David,3,,0.0,Debit
ORD-10655,2025-12-18,C1152,Decor,Art Print,Richmond,Sara,4,133.71,0.0,Debit
ORD-10270,2025-11-08,C1036,Furniture,Vintage Lamp,Burnaby,David,5,204.03,0.0,E-transfer
ORD-10462,2025-01-30,C1165,Furniture,Bookshelf,Surrey,Mina,1,623.8,0.0,E-transfer
ORD-10684,2025-02-27,C1148,Furniture,Bookshelf,North Vancouver,Mina,4,615.55,0.1,E-transfer
ORD-11191,2026-04-04,C1053,Furniture,Dining Chair,Richmond,Sara,2,265.18,0.05,E-transfer
ORD-10518,2026-07-17,C1094,Decor,Wall Mirror ,Surrey,Mina,1,200.68,0.0,E-transfer
ORD-10745,2025-06-17,C1235,Furniture,Bookshelf,Richmond,Sara,5,602.99,0.0,E-transfer
ORD-11058,2026-02-18,C1026,Decor,Vase,Surrey,David,4,106.44,0.15,Debit
ORD-10611,2025-03-19,C1221,Decor,Wall Mirror,Burnaby,John,2,206.43,0.05,E-transfer
ORD-10867,2025-10-03,C1246,Storage,Cabinet,Vancouver,David,2,591.2,0.0,Cash
ORD-10574,2025-07-22,C1066,Furniture,Bookshelf,Burnaby,John,1,609.1,0.1,Cash
ORD-10903,2025-08-01,C1191,Decor,Wall Mirror,Surrey,Sara,1,206.78,0.0,Credit Card
ORD-10827,2025-05-27,C1003,Furniture,Dining Chair,Burnaby,Sara,3,223.8,0.0,Debit
ORD-10194,2026-06-01,C1114,Furniture,Vintage Lamp,North Vancouver,Sara,1,204.86,0.05,Credit Card
ORD-10004,2025-04-27,C1137,Storage,Storage Bench,Vancouver,Alex,4,334.41,0.0,E-transfer
ORD-10178,2025-08-29,C1091,Decor,Wall Mirror,Richmond,Sara,3,242.82,0.05,Cash
ORD-10061,2026-02-07,C1205,Storage,Storage Bench,Surrey,Alex,2,319.04,0.15,
ORD-10239,2026-08-09,C1167,Storage,Cabinet,North Vancouver,John,2,602.26,0.05,Cash
ORD-10573,2025-12-24,C1012,Decor,Wall Mirror,Vancouver,John,3,197.91,0.0,Debit
ORD-10034,2025-05-18,C1243,Storage,Cabinet,Vancouver,David,1,582.49,0.1,E-transfer
ORD-10097,2025-08-28,C1098,Decor,Wall Mirror, Vancouver ,Sara,1,245.92,0.05,Debit
ORD-10521,2025-03-19,C1032,Furniture,Coffee Table,Richmond,David,2,458.27,0.2,Cash
ORD-10157,2025-09-06,C1220,Decor,Wall Mirror,Surrey,Sara,4,211.56,0.0,Cash
ORD-11109,2025-08-15,C1136,Furniture,Coffee Table,Surrey,David,5,445.17,0.2,Debit
ORD-10862,2025-01-29,C1062,Storage,Storage Bench,Vancouver,Alex,5,300.64,0.0,Credit Card
ORD-10484,2026-01-25,C1102,Decor,Vase,North Vancouver,David,4,112.93,0.0,E-transfer
ORD-10692,2025-10-12,C1103,Furniture,Dining Chair,North Vancouver,Sara,3,252.79,0.0,Credit Card
ORD-10400,2026-04-21,C1098,Decor,Art Print,North Vancouver,David,2,144.76,0.15,Credit Card
ORD-11061,2025-05-04,C1115,Decor,Vase ,North Vancouver,David,2,$99.15,0.1,Credit Card
ORD-10945,2026-06-06,C1058,Storage,Sideboard,Richmond,Alex,3,761.74,0.05,Cash
ORD-10247,2025-05-17,C1150,Storage,Sideboard,North Vancouver,Sara,2,837.07,0.0,Debit
ORD-11173,2026-07-10,C1102,Furniture,Bookshelf,Vancouver,Mina,2,605.39,0.0,Credit Card
ORD-10723,2026-05-02,C1171,Storage,Sideboard,Richmond,Sara,3,697.79,0.0,Credit Card
ORD-10595,2025-03-26,C1071,Furniture,Bookshelf,Burnaby,Mina,5,536.18,0.0,Debit
ORD-10690,2025-11-14,,Decor,Vase,Richmond,Mina,1,81.86,0%,Debit
ORD-10446,2026-05-06,C1164,Furniture,Dining Chair,North Vancouver,Mina,4,266.63,0.0,Cash
ORD-10579,2025-09-17,C1044,Decor,Art Print,North Vancouver,David,4,148.12,0.15,E-transfer
ORD-11116,2025-03-15,C1229,Storage,Sideboard,Burnaby,David,3,860.05,0.05,E-transfer
ORD-10777,2025-02-19,C1161,Decor,Vase,North Vancouver,John,1,100.01,0.0,Debit
ORD-10788,2025-09-04,C1032,Furniture,Coffee Table,Burnaby,Alex,4,403.52,0.15,Credit Card
ORD-10923,2025-01-01,C1004,Decor,Vase,Richmond,Mina,4,112.73,0.05,E-transfer
ORD-10156,03/14/2025,C1097,Decor,Rug,Burnaby,Sara,3,453.82,0.0,Cash
ORD-10468,2025-04-10,C1052,Storage,Cabinet, Surrey ,Mina,5,562.73,0.15,Credit Card
ORD-10602,2026-06-19,C1111,Decor,Art Print,Burnaby,David,1,137.92,0.1,Credit Card
ORD-10776,2025-03-06,C1073,Decor,Rug,Surrey,John,1,409.89,0.0,Cash
ORD-11113,2025-10-02,C1124,Decor,Wall Mirror,Richmond,Sara,1,227.05,0.15,Cash
ORD-10499,2025-10-11,C1214,Storage,Sideboard,North Vancouver,Alex,1,841.85,0.0,Credit Card
ORD-10028,2026-07-26,C1227,Storage,Cabinet,Burnaby,John,2,618.68,0.05,credit card
ORD-10725,2025-02-11,C1124,Decor,Wall Mirror,North Vancouver,David,5,226.71,0.0,
ORD-10138,2025-06-02,C1132,Storage,Storage Bench,Burnaby,Alex,5,351.04,0.05,E-transfer
ORD-11156,2025-12-05,C1066,Furniture,Bookshelf,Surrey,John,5,489.3,0.0,Debit
ORD-11027,2025-12-09,C1160,Storage,Sideboard,Surrey,Alex,1,906.4,0.1,Debit
ORD-10816,2025-10-31,C1179,furniture,Vintage Lamp,Richmond,Alex,5,208.99,0.1,Debit
ORD-10481,2026-07-19,C1049,Decor,Wall Mirror,Vancouver,John,3,186.46,0.0,Cash
ORD-10814,2026-05-23,C1211,Storage,Storage Bench,Burnaby,Alex,1,293.1,0.1,Cash
ORD-10680,2025-06-14,C1117,Furniture,Dining Chair,Richmond,John,2,265.26,0.0,Cash
ORD-10633,2025-06-14,C1020,Decor,Vase,Burnaby,Mina,1,81.27,0.0,Credit Card
ORD-10100,2026-04-02,C1072,Storage,Sideboard,North Vancouver,Alex,5,909.61,0.1,Cash
ORD-10793,2026-07-14,C1121,Decor,Wall Mirror,North Vancouver,John,5,215.37,0.05,E-transfer
ORD-10101,2025-03-10,C1163,Decor,Rug,Richmond,John,1,431.47,0.0,E-transfer
ORD-10962,2025-11-13,C1173,Storage,Cabinet,Surrey,Alex,5,603.33,0.0,E-transfer
ORD-10671,2026-02-02,C1098,Decor,Art Print,Richmond,Sara,4,132.34,0.15,Debit
ORD-11138,2026-03-23,C1031,Storage,Sideboard,Burnaby,Alex,1,797.84,0.05,Cash
ORD-10971,2025-05-29,C1098,Decor,Art Print,Surrey,John,4,134.41,0.1,Debit
ORD-10850,2025-06-26,C1186,Furniture,Coffee Table,North Vancouver,David,5,360.35,0.05,Debit
ORD-10386,2026-04-04,C1211,Furniture,Vintage Lamp,Vancouver,John,1,184.27,0.15,Credit Card
ORD-10010,2025-10-10,C1144,Decor,Art Print,Surrey,Mina,4,136.22,0.1,E-transfer
ORD-10582,2026-01-02,C1058,Storage,Storage Bench,Surrey,Alex,3,295.42,0.1,Cash
ORD-10667,2025-05-25,C1017,Storage,Storage Bench,Richmond,Alex,3,342.68,0.0,Credit Card
ORD-10943,2026-03-25,C1073,Furniture,Vintage Lamp,Richmond,Sara,4,179.37,0.0,Credit Card
ORD-10404,2026-03-12,C1212,Furniture,Bookshelf,Surrey,David,5,489.45,0.1,Cash
ORD-11167,2025-11-14,C1209,decor,Art Print,North Vancouver,Sara,1,151.0,0.0,Credit Card
ORD-10653,2025-09-16,C1044,Decor,Art Print,Burnaby,David,4,120.41,0.15,Cash
ORD-10564,2026-02-16,C1131,Decor,Wall Mirror,Richmond,Sara,3,218.85,0.2,Debit
ORD-10587,08/17/2025,C1170,Storage,Cabinet,Vancouver,John,3,667.61,0.0,Credit Card
ORD-10815,2025-06-18,C1170,Furniture,Vintage Lamp,Surrey,David,5,180.85,0.0,Debit
ORD-10112,2026-02-25,C1124,Furniture,Bookshelf,North Vancouver,David,5,592.66,0.0,Debit
ORD-10783,2026-04-11,C1191,Furniture,Coffee Table,Burnaby,,5,500.69,0.0,Debit
ORD-10173,2025-03-17,C1033,Decor,Vase,Surrey,Alex,2,83.8,0.1,E-transfer
ORD-10200,2025-11-27,C1117,Furniture,Coffee Table,Vancouver,Mina,4,478.8,0.1,Credit Card
ORD-10012,2025-05-21,C1230,Storage,Storage Bench,Burnaby,Mina,1,287.23,0.0,E-transfer
ORD-11108,2025-07-06,C1158,Storage,Storage Bench,Surrey,Mina,1,356.81,0.2,E-transfer
ORD-10170,2026-03-26,C1188,furniture,Bookshelf,Surrey,Sara,4,670.39,0.05,Debit
ORD-10721,2026-03-21,C1236,Furniture,Vintage Lamp,Vancouver,Alex,1,205.92,0.15,Cash
ORD-10118,2025-10-13,C1064,Decor,Vase,North Vancouver,Alex,5,113.82,0.1,Cash
ORD-11174,2026-08-01,C1105,Furniture,Bookshelf,Richmond,Mina,5,550.86,0.0,Debit
ORD-10096,2025-12-19,C1146,Decor,Rug,Richmond,John,2,447.56,0.0,E-transfer
ORD-10832,2025-08-02,C1230,Furniture,Coffee Table,Vancouver,John,3,444.54,0.0,Debit
ORD-10835,2025-11-16,C1189,Furniture,Vintage Lamp,Vancouver,Sara,4,165.88,0.1,Debit
ORD-10520,2025-07-19,C1016,Decor,Wall Mirror,Vancouver,Alex,5,202.85,0.0,Credit Card
ORD-10002,2026-05-09,C1024,Storage,Sideboard,Richmond,John,3,784.05,0.0,Credit Card
ORD-10525,2025-12-26,C1099,Decor,Wall Mirror,Vancouver,Mina,1,204.51,0.0,Debit
ORD-10390,2025-02-11,C1002,Furniture,Vintage Lamp,Surrey,Sara,4,198.86,0.0,Credit Card
ORD-10317,2025-04-04,C1169,Furniture,Bookshelf,Richmond,David,1,594.89,0.0,Credit Card
ORD-10381,2026-04-04,C1049,Decor,Rug,North Vancouver,,4,358.77,0.0,E-transfer
ORD-10423,2025-11-02,C1130,Furniture,Vintage Lamp,Burnaby,John,5,184.95,0.0,Credit Card
ORD-10524,2026-01-19,C1037,Furniture,Bookshelf,North Vancouver,David,3,620.08,0.1,Credit Card
ORD-10241,2025-11-19,C1127,Decor,Rug,North Vancouver,John,2,416.95,0.0,E-transfer
ORD-10798,2026-02-15,C1189,Decor,Wall Mirror,Burnaby,John,1,214.59,0.0,Cash
ORD-10770,2026-07-18,C1127,Furniture,Vintage Lamp,Vancouver,Alex,4,193.23,0.15,E-transfer
ORD-11092,2025-02-17,C1110,Furniture,Bookshelf,North Vancouver,Alex,5,507.35,0.0,Credit Card
ORD-10397,2025-01-06,C1045,Decor,Wall Mirror,North Vancouver,David,3,181.97,0.1,Credit Card
ORD-10396,2025-12-28,C1242,Storage,Storage Bench,North Vancouver,Sara,2,295.95,0.1,Credit Card
ORD-10476,2025-09-17,C1245,decor,Art Print,Richmond,Alex,5,144.52,0.0,E-transfer
ORD-10162,2026-07-05,C1018,Decor,Wall Mirror,Richmond,John,1,202.13,0.05,Debit
ORD-10558,2025-08-24,C1224,Storage,Storage Bench,Vancouver,Sara,2,284.3,0.0,Debit
ORD-10287,2025-12-05,C1114,Storage,Storage Bench,Burnaby,John,2,337.74,0.0,Cash
ORD-10434,2025-03-28,C1197,Decor,Wall Mirror,Surrey,Sara,1,223.64,0.0,Debit
ORD-10805,2025-06-29,C1045,Furniture,Coffee Table,Burnaby,Alex,1,457.3,0.1,Cash
ORD-10775,2026-04-27,C1166,Furniture,Bookshelf,Richmond,Alex,3,500.74,0.0,Cash
ORD-10642,2025-08-23,C1095,Storage,Sideboard,North Vancouver,Sara,5,827.86,0.0,Debit
ORD-10549,2026-08-03,C1216,Furniture,Dining Chair,Richmond,Sara,1,267.53,0.0,credit card
ORD-11013,2026-05-29,C1030,Storage,Cabinet,Richmond,Alex,1,596.16,0.0,Credit Card
ORD-10492,2026-07-03,C1173,Furniture,Vintage Lamp,Vancouver,Mina,3,185.63,0.0,Credit Card
ORD-10637,2025-01-19,C1072,Furniture,Coffee Table,Burnaby,Sara,3,463.27,0.05,Debit
ORD-10551,2025-01-16,C1030,Storage,Cabinet,North Vancouver,John,2,688.91,0.0,Cash
ORD-11177,2025-02-07,C1221,Furniture,Dining Chair,Surrey,Mina,1,235.65,0.1,Cash
ORD-10567,2026-06-29,C1104,Decor,Art Print,Richmond,David,3,150.45,0.1,Debit
ORD-10276,2026-05-24,C1022,Storage,Cabinet,Vancouver,Alex,unknown,643.32,0.0,E-transfer
ORD-10083,2025-11-04,C1033,Decor,Vase,North Vancouver,John,5,105.25,0.15,E-transfer
ORD-10132,2025-02-16,C1096,Decor,Vase,Vancouver,Alex,5,81.74,0.0,Credit Card
ORD-10208,2026-07-12,C1013,Storage,Storage Bench,Vancouver,Mina,1,292.03,0.0,E-transfer
ORD-11017,2026-05-17,C1060,Decor,Rug,North Vancouver,Sara,2,390.14,0.2,Credit Card
ORD-10895,2026-08-22,C1018,Decor,Wall Mirror,Surrey,Mina,3,180.72,0.05,E-transfer
ORD-10341,2025-11-25,C1023,Decor,Vase,North Vancouver,Sara,5,85.63,0.0,Credit Card
ORD-10168,2025-10-04,C1019,Decor,Art Print ,Richmond,Alex,4,140.53,0.05,Cash
ORD-10794,2025-06-13,C1185,Furniture,Dining Chair,Burnaby,Mina,4,259.34,0.05,E-transfer
ORD-10191,2026-04-26,C1067,Furniture,Coffee Table,Vancouver,Mina,4,-429.21,0.15,Cash
ORD-11051,2026-05-25,C1215,Furniture,Coffee Table,Vancouver,David,3,408.36,0.1,Cash
ORD-10205,2025-12-18,C1007,Decor,Wall Mirror,Burnaby,John,3,192.87,0.1,credit card
ORD-10385,2025-02-17,C1191,Decor,Rug,Burnaby,Sara,5,384.01,0.0,Debit
ORD-10311,2025-05-03,C1057,Decor,Rug,Burnaby,John,2,403.65,0.15,Debit
ORD-10555,2025-06-14,C1113,Furniture,Bookshelf,Burnaby,Sara,3,481.14,0.0,Debit
ORD-10927,2025-04-15,C1155,Decor,Wall Mirror,Surrey,John,2,247.06,0.0,Credit Card
ORD-10133,2026-03-01,C1032,Decor,Art Print,North Vancouver,Sara,5,144.11,0.0,E-transfer
ORD-10932,2025-01-06,C1170,Furniture,Coffee Table,North Vancouver,Sara,3,440.77,0.05,Debit
ORD-10186,2026-04-20,C1056,Storage,Cabinet,Surrey,Mina,3,614.07,0.15,Credit Card
ORD-10269,2025-05-08,C1091,Storage,Storage Bench,North Vancouver,John,5,281.0,0.05,Credit Card
ORD-10691,2026-02-19,C1247,Furniture,Vintage Lamp,Burnaby,Mina,1,180.41,0.0,E-transfer
ORD-10306,2025-09-17,C1178,Decor,Wall Mirror,Vancouver,David,4,235.04,0.1,E-transfer
ORD-10089,2025-05-06,C1178,Decor,Wall Mirror,Vancouver,Mina,4,217.09,0.0,Cash
ORD-10082,2025-07-09,C1050,Decor,Art Print,Richmond,Mina,4,146.33,0.05,E-transfer
ORD-10756,2026-06-04,C1231,Furniture,Coffee Table,Vancouver,Sara,3,377.79,0.0,Credit Card
ORD-11038,2025-09-18,C1241,Furniture,Dining Chair,North Vancouver,John,3,280.27,0.0,credit card
ORD-10578,2026-08-04,C1199,Decor,Vase,Richmond,Mina,4,95.35,0.0,Debit
ORD-10608,2026-05-31,C1228,Furniture,Vintage Lamp,Burnaby,Mina,3,171.73,0.0,Credit Card
ORD-10519,2026-01-15,C1203,Furniture,Dining Chair,Burnaby,John,3,217.4,0.1,Debit
ORD-10552,2026-01-05,C1049,Decor,Art Print,Surrey,John,4,,0.0,Credit Card
ORD-10113,2025-08-08,C1139,Decor,Wall Mirror,Vancouver,David,1,183.44,0.0,Debit
ORD-10628,2026-01-14,C1101,Furniture,Coffee Table,Surrey,Alex,2,495.16,0.2,Cash
ORD-10219,2026-02-13,C1084,Decor,Wall Mirror,Surrey,Sara,5,219.86,0.0,Cash
ORD-10106,2026-03-04,,Storage,Storage Bench,Surrey,David,4,369.86,0.15,Cash
ORD-10335,2025-06-21,C1173,Furniture,Vintage Lamp,Richmond,Mina,3,161.81,0.0,E-transfer
ORD-10875,2025-02-07,C1112,Furniture,Dining Chair,Surrey,Mina,4,225.68,0.1,Cash
ORD-10393,2025-04-01,C1073,Storage,Storage Bench,Richmond,Sara,3,376.45,0.0,Cash
ORD-10919,2026-08-12,C1111,Decor,Wall Mirror,Vancouver,Alex,2,191.44,0.0,E-transfer
ORD-10657,2025-12-31,C1081,Storage,Cabinet,Burnaby,Alex,2,592.95,0.15,Credit Card
ORD-10479,2025-05-11,C1083,Storage,Cabinet,Richmond,Mina,5,614.96,0.0,Credit Card
ORD-10057,2025-12-23,C1233,Furniture,Bookshelf,North Vancouver,Sara,3,629.39,0.1,Debit
ORD-10621,2025-05-30,C1137,Storage,Storage Bench,North Vancouver,David,4,362.46,0.1,Cash
ORD-11166,2025-08-23,C1100,Storage,Storage Bench,Surrey,Sara,3,380.28,0.1,Cash
ORD-11042,2025-08-03,C1247,Decor,Vase,Surrey,John,2,111.1,0.15,Credit Card
ORD-10027,2025-01-23,C1078,Storage,Cabinet,North Vancouver,Mina,2,678.73,0.0,Cash
ORD-10820,2025-04-07,C1166,Storage,Sideboard,Richmond,Sara,4,738.28,0.15,Debit
ORD-10964,2026-03-19,C1197,Decor,Wall Mirror,North Vancouver,John,1,243.12,0.1,Debit
ORD-10896,2026-03-09,C1051,Furniture,Dining Chair,Burnaby,John,4,222.18,10%,E-transfer
ORD-10415,2025-08-30,C1233,Storage,Storage Bench,North Vancouver,Alex,1,286.38,0.15,E-transfer
ORD-10951,2026-05-19,C1136,Storage,Storage Bench,Surrey,John,3,287.16,0.05,E-transfer
ORD-11181,2025-06-12,C1097,Furniture,Coffee Table,Richmond,Alex,2,383.62,0.0,E-transfer
ORD-10995,2025-01-29,C1045,Furniture,Dining Chair,North Vancouver,Alex,2,248.98,0.2,credit card
ORD-10035,12/15/2025,C1007,Storage,Storage Bench,Surrey,Sara,4,,0.1,E-transfer
ORD-10954,2026-06-13,C1104,Storage,Storage Bench,North Vancouver,David,4,355.63,0.0,Debit
ORD-10904,2026-01-23,C1162,Storage,Storage Bench,North Vancouver,Sara,1,390.3,0.1,E-transfer
ORD-10279,2026-07-18,C1015,Furniture,Bookshelf,North Vancouver,Sara,1,618.76,0.0,E-transfer
ORD-10330,2025-08-15,C1148,Storage,Storage Bench ,Surrey,Mina,4,378.87,0.0,Cash
ORD-10159,2026-06-17,C1071,Furniture,Bookshelf,Richmond,Mina,1,628.36,0.05,E-transfer
ORD-10693,2025-05-05,C1132,Storage,Sideboard,North Vancouver,David,2,805.99,0.0,Debit
ORD-10938,2025-07-02,C1244,Furniture,Vintage Lamp,Richmond,Sara,4,179.54,0.0,Credit Card
ORD-10526,2025-02-04,C1195,Furniture,Vintage Lamp,North Vancouver,Sara,5,210.71,0.0,Cash
ORD-10598,2025-06-25,C1058,Storage,Storage Bench,North Vancouver,Mina,2,373.35,0.0,Credit Card
ORD-10495,2026-01-26,C1234,Furniture,Dining Chair,Richmond,Mina,1,214.77,0.2,Cash
ORD-10124,2025-10-21,C1138,Furniture,Coffee Table,Surrey,Mina,2,405.96,0.0,Cash
ORD-10717,2025-07-30,C1098,Furniture,Bookshelf,Richmond,Sara,2,478.39,0.0,Debit
ORD-11130,2025-08-19,C1145,Furniture,Dining Chair,Surrey,Sara,1,255.83,0.0,E-transfer
ORD-10901,2025-04-09,C1225,Decor,Vase, Burnaby ,Sara,1,88.28,0.1,Cash
ORD-10865,2026-02-13,C1030,Storage,Sideboard,North Vancouver,Sara,2,696.42,0.1,Cash
ORD-10117,2026-06-09,C1063,Furniture,Vintage Lamp,Surrey,Mina,2,170.84,0.05,Cash
ORD-11164,2026-01-13,,Storage,Cabinet,Vancouver,Mina,5,688.49,0.0,Credit Card
ORD-10155,08/11/2025,C1008,Storage,Cabinet,Surrey,Sara,5,644.6,0.1,Credit Card
ORD-11063,2025-10-05,C1092,Furniture,Dining Chair,Surrey,Mina,5,263.28,0.15,Cash
ORD-10432,2025-03-16,C1125,Storage,Sideboard,Vancouver,David,5,743.64,0.15,Debit
ORD-10727,2026-08-11,C1097,Storage,Sideboard,Richmond,Alex,5,866.3,0.0,
ORD-10458,2025-01-20,C1134,Storage,Sideboard ,North Vancouver,Sara,5,724.51,0.1,Credit Card
ORD-10243,2025-08-15,C1106,Decor,Rug,Vancouver,Alex,5,436.71,0.05,Debit
ORD-11119,2026-05-19,C1132,Furniture,Coffee Table,Surrey,David,2,465.76,0.15,Debit
ORD-10522,2025-01-26,C1143,Decor,Wall Mirror,North Vancouver,Mina,4,231.52,0.1,Credit Card
ORD-10414,2025-08-19,C1144,Furniture,Bookshelf,Vancouver,John,5,627.41,0.1,E-transfer
ORD-10748,11/17/2025,C1053,Storage,Cabinet,North Vancouver,Alex,4,671.92,0.15,Credit Card
ORD-10374,2025-04-29,C1083,Decor,Vase,Burnaby,David,1,89.46,0.05,Debit
ORD-10353,2025-05-25,C1089,Storage,Cabinet,Burnaby,David,4,614.81,0.0,Credit Card
ORD-10673,05/08/2026,C1174,Decor,Vase,Vancouver,Alex,1,95.46,0.1,Cash
ORD-10452,2025-03-25,C1084,Furniture,Vintage Lamp,Richmond,Mina,5,207.22,0.0,Cash
ORD-10614,2025-02-26,C1152,Furniture,Vintage Lamp,Surrey,David,4,174.92,0.2,Debit
ORD-11008,2025-10-29,C1014,Furniture,Dining Chair,North Vancouver,Alex,3,240.28,0.05,Credit Card
ORD-11032,2025-10-19,C1119,Storage,Cabinet,Surrey,Alex,3,562.54,0.0,Credit Card
ORD-10020,2026-01-25,C1197,Furniture,Coffee Table,Vancouver,Sara,1,369.41,0.0,Debit
ORD-11022,2025-06-08,C1069,Furniture,Coffee Table,North Vancouver,Alex,2,405.39,0.0,Credit Card
ORD-11137,2025-01-21,C1184,Furniture,Dining Chair,Vancouver,Alex,3,252.25,0.05,Cash
ORD-10031,2025-02-26,C1002,Decor,Vase,North Vancouver,John,5,105.58,0.0,Credit Card
ORD-11101,2025-05-13,C1125,Decor,Rug,Surrey,Mina,1,346.32,0.0,Debit
ORD-11158,2026-06-19,C1096,Storage,Storage Bench,Vancouver,John,5,349.27,0.2,E-transfer
ORD-10091,2025-02-18,C1120,Storage,Sideboard,Richmond,John,2,869.21,0.0,Credit Card
ORD-11047,2025-02-21,C1196,Storage,Sideboard,Richmond,David,3,891.95,0.05,Cash
ORD-10053,2026-07-24,C1193,Furniture,Dining Chair,Burnaby,Mina,4,280.97,0.0,E-transfer
ORD-10456,2025-11-14,C1248,Storage,Cabinet,Vancouver,David,1,713.27,0.05,Cash
ORD-10460,2026-07-06,C1007,Decor,Art Print,Vancouver,Mina,4,115.07,0.0,Cash
ORD-10925,2025-02-08,C1058,Storage,Cabinet,Surrey,David,5,632.18,0.0,Cash
ORD-10435,2026-05-07,C1022,Furniture,Bookshelf,Burnaby,Sara,5,572.6,0.1,Debit
ORD-10687,2025-08-20,C1011,Decor,Rug,Richmond,John,3,467.52,0.0,Debit
ORD-10441,2026-04-25,,Decor,Art Print,North Vancouver,Sara,5,140.74,0.15,Debit
ORD-10629,2025-10-22,C1203,Decor,Rug,Surrey,Sara,2,427.66,0.0,Cash
ORD-10445,2025-09-26,C1078,Furniture,Coffee Table,Richmond,David,3,415.6,0.0,E-transfer
ORD-10225,2026-05-18,C1183,Storage,Storage Bench,North Vancouver,Sara,2,313.35,0.0,Credit Card
ORD-10457,2026-04-04,C1045,Decor,Wall Mirror,Burnaby,Alex,2,205.0,0.1,Credit Card
ORD-11064,06/11/2026,C1230,Decor,Wall Mirror,North Vancouver,David,1,198.77,0.0,Credit Card
ORD-10264,2026-07-18,C1154,Storage,Sideboard,Burnaby,David,4,757.09,0.05,Credit Card
ORD-10959,2026-01-01,C1108,Furniture,Vintage Lamp,Burnaby,Sara,2,162.0,0.0,Credit Card
ORD-10778,2025-06-14,C1249,Decor,Rug,Vancouver,John,4,353.0,0.0,Debit
ORD-11011,2025-05-16,C1084,Furniture,Dining Chair,North Vancouver,Sara,4,228.26,0.0,
ORD-11152,2026-03-20,C1231,Decor,Art Print,Burnaby,Sara,3,144.61,0.15,E-transfer
ORD-10261,2025-01-10,C1123,Storage,Cabinet,Richmond,Mina,4,661.06,0.0,E-transfer
ORD-10069,2025-05-25,C1203,Storage,Cabinet,Vancouver,Sara,2,585.04,0.1,Cash
ORD-10029,2025-01-27,C1038,Furniture,Vintage Lamp,North Vancouver,Sara,3,180.41,0.2,E-transfer
ORD-10859,2025-01-03,C1078,Furniture,Vintage Lamp,Richmond,Sara,2,173.46,0.05,Debit
ORD-10870,2025-12-03,C1108,Decor,Wall Mirror,Richmond,Alex,2,185.76,0.0,Debit
ORD-10600,2025-03-20,C1111,Storage,Cabinet,North Vancouver,Alex,2,666.53,0.0,Credit Card
ORD-10229,2025-02-18,C1222,Decor,Rug,Surrey,,2,420.45,0.15,Debit
ORD-10496,2026-03-03,C1044,Furniture,Coffee Table,Surrey,John,4,462.27,0.15,Debit
ORD-10281,2025-10-31,C1209,Furniture,Coffee Table,Surrey,John,4,442.65,0.0,Cash
ORD-10442,2026-03-23,C1053,Furniture,Bookshelf,Burnaby,Mina,2,564.76,0.15,E-transfer
ORD-10326,2025-02-16,C1235,Furniture,Coffee Table,Surrey,Mina,4,481.92,0.05,Debit
ORD-10961,2026-01-05,C1204,Storage,Sideboard,North Vancouver,Sara,5,758.98,0.1,Cash
ORD-10571,2026-06-12,C1182,Storage,Cabinet,Richmond,Sara,5,762.78,0.1,E-transfer
ORD-10626,2025-06-16,C1038,Decor,Vase,North Vancouver,Mina,2,111.6,0.0,Debit
ORD-10984,2026-06-13,C1146,Storage,Sideboard,Burnaby,Alex,2,836.47,0.05,Credit Card
ORD-11121,2025-06-15,C1167,Furniture,Vintage Lamp,North Vancouver,Mina,2,200.37,0.05,E-transfer
ORD-10303,2026-01-07,C1240,Decor,Vase,Richmond,Alex,1,111.61,0.0,E-transfer
ORD-10331,2026-02-20,C1113,Furniture,Dining Chair,Vancouver,Alex,1,286.93,0.0,E-transfer
ORD-10934,2025-11-30,C1138,Decor,Art Print,Richmond,David,3,113.12,0.05,E-transfer
ORD-10768,2026-08-07,C1019,storage,Cabinet,Surrey,Alex,1,749.09,0.0,Debit
ORD-11056,2025-07-22,C1132,Furniture,Dining Chair,North Vancouver,John,3,216.68,0.1,Cash
ORD-10158,2025-07-23,C1084,Decor,Rug,Burnaby,David,4,$403.96,0.0,Credit Card
ORD-10424,2025-08-14,,Furniture,Coffee Table,Burnaby,John,5,499.58,0.0,Debit
ORD-10851,2025-06-22,C1088,Storage,Cabinet,Vancouver,Mina,5,668.52,0.15,
ORD-10487,2026-02-09,C1064,Storage,Cabinet,Surrey,Mina,1,566.15,0.05,E-transfer
ORD-10316,06/15/2025,C1231,Furniture,Coffee Table,Richmond,John,5,366.55,0.0,Credit Card
ORD-10262,2026-05-17,C1050,Storage,Sideboard,Surrey,Sara,4,692.66,0.0,Cash
ORD-10098,2025-01-15,C1106,Furniture,Vintage Lamp ,Burnaby,Sara,2,211.43,0.0,E-transfer
ORD-10716,2025-12-20,C1206,Furniture,Dining Chair,Richmond,David,1,248.78,0.1,E-transfer
ORD-11029,2026-08-18,C1244,Storage,Sideboard,Burnaby,John,2,855.95,0.0,Debit
ORD-10847,2025-01-31,C1130,Decor,Vase,Surrey,John,50,111.77,0.0,Debit
ORD-11147,2026-04-27,C1222,Decor,Vase,Richmond,Alex,1,111.92,0.2,Debit
ORD-10137,2026-02-03,C1013,furniture,Dining Chair,Richmond,Sara,2,274.24,0.0,Credit Card
ORD-10562,2025-04-08,C1153,Storage,Storage Bench,Vancouver,Alex,1,339.09,0.0,Cash
ORD-10058,2025-02-27,C1033,Storage,Sideboard,Richmond,Sara,1,831.21,0.0,
ORD-10620,2025-11-05,C1181,Furniture,Coffee Table,North Vancouver,,3,482.1,0.0,Cash
ORD-10966,2026-06-29,C1223,Decor,Art Print,Richmond,Alex,4,140.51,0%,E-transfer
ORD-11076,2026-03-11,C1231,Storage,Sideboard,Burnaby,Sara,1,$802.35,0.1,E-transfer
ORD-11190,2026-03-04,C1199,Decor,Vase,North Vancouver,Mina,2,106.2,0.0,E-transfer
ORD-10731,2025-04-03,C1135,Decor,Vase,Burnaby,Sara,3,104.69,0.05,Cash
ORD-10843,2025-02-03,C1227,Storage,Sideboard,Burnaby,Mina,3,709.03,0.0,Credit Card
ORD-10664,2025-02-13,C1016,Furniture,Dining Chair,North Vancouver,Mina,2,222.49,0.0,Cash
ORD-11095,2025-11-16,C1090,Furniture,Coffee Table,Richmond,David,1,451.84,0.05,E-transfer
ORD-10251,2025-10-03,C1088,furniture,Coffee Table,Vancouver,David,50,388.68,0.1,Credit Card
ORD-10040,2026-04-24,C1192,Furniture,Bookshelf,Surrey,John,2,521.6,0.05,Cash
ORD-10115,2026-06-23,C1223,Storage,Cabinet,North Vancouver,David,2,605.98,0.0,E-transfer
ORD-10676,2026-07-27,C1122,Furniture,Dining Chair,North Vancouver,Alex,2,237.19,0.1,E-transfer
ORD-10981,2025-04-05,C1030,Decor,Vase,North Vancouver,John,3,108.77,0.0,E-transfer
ORD-10639,09/21/2025,C1191,Furniture,Dining Chair, Surrey ,Mina,1,261.59,0.0,
ORD-10015,2026-02-22,C1060,Storage,Cabinet,Burnaby,Alex,3,654.0,0.0,E-transfer
ORD-11041,08/02/2026,C1044,Furniture,Bookshelf,North Vancouver,Sara,4,596.79,0.0,Credit Card
ORD-10557,2025-03-04,C1208,Decor,Wall Mirror,Surrey,Sara,1,,0.1,E-transfer
ORD-10553,2025-07-06,C1200,Furniture,Vintage Lamp,Surrey,Sara,50,153.79,0.0,Cash
ORD-11040,2025-04-17,C1036,Storage,Sideboard,Vancouver,Mina,1,673.16,0.1,Credit Card
ORD-10081,2025-05-16,C1148,Decor,Vase,Surrey,Mina,1,99.78,0.05,E-transfer
ORD-10683,2026-06-28,C1110,Decor,Art Print,Richmond,Mina,3,123.92,0.1,Debit
ORD-10563,2026-07-27,C1121,Decor,Vase,North Vancouver,Alex,2,90.28,0.15,E-transfer
ORD-10527,2026-03-05,C1058,Storage,Cabinet,Vancouver,Sara,1,689.18,0.1,Credit Card
ORD-10258,2025-06-13,C1176,Furniture,Dining Chair,Burnaby,John,1,214.99,0.0,Debit
ORD-10811,2025-05-23,C1088,Decor,Vase,Richmond,Mina,2,95.46,0.05,Credit Card
ORD-10084,2026-04-25,C1096,Storage,Sideboard,Richmond,Sara,2,748.85,0.15,Credit Card
ORD-10265,2025-02-04,C1015,Furniture,Vintage Lamp,North Vancouver,Sara,4,212.81,0.0,E-transfer
ORD-10718,2026-01-12,C1059,Storage,Storage Bench,Burnaby,Alex,1,340.6,0.1,Cash
ORD-11031,2025-06-07,C1012,Furniture,Coffee Table,North Vancouver,David,1,448.56,0.05,Credit Card
ORD-11079,2025-01-28,C1121,Decor,Wall Mirror,Burnaby,Mina,1,236.59,0.0,Debit
ORD-10941,2025-02-18,C1247,storage,Sideboard,North Vancouver,Sara,5,781.65,0.0,Debit
ORD-10141,2026-02-14,C1067,Decor,Vase,Vancouver,Alex,1,85.72,0.2,Credit Card
ORD-10702,2025-03-10,C1021,Furniture,Dining Chair,Surrey,David,2,251.67,0.0,Credit Card
ORD-10175,2025-03-19,C1071,Storage,Storage Bench,Burnaby,David,1,312.28,0.0,E-transfer
ORD-10646,07/26/2026,C1090,Furniture,Vintage Lamp,Surrey,Mina,1,154.26,0%,Cash
ORD-10064,08/15/2026,C1106,Furniture,Dining Chair,Vancouver,David,4,264.29,0.2,Cash
ORD-11054,2025-04-21,C1066,Decor,Art Print,Richmond,Sara,2,149.02,0.05,Credit Card
ORD-10179,2025-07-13,C1111,Storage,Storage Bench,Surrey,John,2,343.4,0.0,Debit
ORD-10597,2026-03-10,C1249,Decor,Vase,Burnaby,Sara,3,111.18,0.1,Debit
ORD-10453,2025-11-30,C1063,Decor,Wall Mirror,Burnaby,Alex,3,216.15,0.1,Debit
ORD-11153,2025-12-23,C1147,Furniture,Dining Chair,Richmond,Mina,4,267.1,0.1,E-transfer
ORD-11195,2025-11-24,C1210,Furniture,Coffee Table,Burnaby,Sara,2,465.11,0.05,Credit Card
ORD-10933,2025-10-12,C1073,Furniture,Coffee Table,North Vancouver,Mina,3,435.15,0.0,Cash
ORD-10087,2025-12-27,C1126,Storage,Cabinet,North Vancouver,Sara,2,579.73,0.0,Cash
ORD-10480,2025-02-26,C1118,Furniture,Vintage Lamp,Richmond,David,1,187.63,0.0,Credit Card
ORD-10256,2026-03-25,C1110,Furniture,Bookshelf,North Vancouver,David,3,635.75,0.0,Credit Card
ORD-10846,2025-03-31,C1211,Decor,Vase,Vancouver,Mina,3,92.39,0.1,E-transfer
ORD-10387,2025-02-18,C1083,Furniture,Dining Chair,Burnaby,Sara,4,226.07,0.2,Credit Card
ORD-10363,2026-08-05,C1145,Storage,Cabinet,North Vancouver,Sara,4,731.02,0.2,Credit Card
ORD-10449,2025-04-10,C1236,Decor,Rug,Burnaby,John,1,443.38,0.0,Cash
ORD-10719,2026-01-07,C1006,Furniture,Vintage Lamp,North Vancouver,Alex,3,211.89,0.1,Debit
ORD-10206,2025-09-11,C1163,Decor,Wall Mirror,North Vancouver,Sara,1,191.45,0.0,Debit
ORD-11059,2025-10-27,C1026,Storage,Cabinet,Richmond,John,5,627.16,0.2,Debit
ORD-10367,2025-04-22,C1084,Furniture,Bookshelf,Surrey,Mina,2,539.36,0.05,Debit
ORD-10212,2025-12-17,C1055,Storage,Sideboard,Vancouver,John,4,697.96,0.0,Credit Card
ORD-10289,2026-03-24,C1137,Decor,Rug,Richmond,Mina,2,452.4,0.0,Cash
ORD-11045,2025-05-13,C1018,Storage,Sideboard,Vancouver,David,1,825.09,0.0,E-transfer
ORD-10469,2025-12-02,C1064,Decor,Wall Mirror,Richmond,Sara,3,199.27,0.05,Cash
ORD-10544,2025-05-17,C1087,Storage,Sideboard,North Vancouver,David,1,714.54,0.1,Credit Card
ORD-10336,2025-01-20,C1083,Furniture,Dining Chair,Surrey,Alex,3,255.61,0.0,Credit Card
ORD-10556,2026-06-14,C1047,Decor,Art Print,Burnaby,Alex,3,123.8,0.05,Cash
ORD-11053,2025-12-27,C1185,Storage,Sideboard,North Vancouver,David,4,726.04,0.0,Credit Card
ORD-10965,2026-02-19,C1225,Storage,Storage Bench,Surrey,Sara,1,295.8,0.0,E-transfer
ORD-10666,2025-09-29,C1162,Storage,Cabinet,Surrey,David,5,629.77,0.0,Debit
ORD-11127,2026-02-11,C1007,Decor,Rug,North Vancouver,David,5,374.8,0.05,Debit
ORD-10007,2025-07-07,C1211,Decor,Art Print,Burnaby,John,1,148.37,0.1,Debit
ORD-11069,2025-04-05,C1030,Decor,Art Print,North Vancouver,Alex,5,130.96,0.0,E-transfer
ORD-10985,2025-03-04,C1157,Storage,Storage Bench,Burnaby,Mina,3,341.6,0.0,E-transfer
ORD-11100,2025-03-10,C1207,Decor,Wall Mirror,Surrey,Sara,5,198.47,0.0,Credit Card
ORD-10648,2025-06-02,,Storage,Storage Bench,Richmond,Alex,3,296.95,0.1,E-transfer
ORD-10722,2025-10-12,C1065,Furniture,Vintage Lamp,Vancouver,John,5,205.94,0.0,Credit Card
ORD-10695,2026-03-01,C1179,Storage,Storage Bench,Surrey,Sara,2,395.5,0.0,credit card
ORD-10517,2026-04-02,C1145,Furniture,Bookshelf,Burnaby,Alex,4,601.63,0.1,E-transfer
ORD-10402,2025-11-19,C1098,Decor,Vase,Burnaby,John,1,96.95,0.0,E-transfer
ORD-10733,2026-04-12,C1128,Decor,Wall Mirror,Vancouver,Mina,5,237.15,0.1,Debit
ORD-10712,2026-06-02,C1128,Furniture,Bookshelf,Richmond,John,4,-517.47,0.0,Cash
ORD-11199,2026-07-28,C1064,Decor,Rug,Surrey,Alex,2,349.34,0.15,E-transfer
ORD-10884,2026-01-15,C1241,Furniture,Vintage Lamp,Vancouver,John,2,215.92,0.0,Debit
ORD-10143,2025-11-07,C1134,Decor,Vase,Surrey,John,3,105.41,0.1,E-transfer
ORD-11067,2025-11-11,C1159,Furniture,Vintage Lamp,North Vancouver,Sara,1,165.26,0.1,Credit Card
ORD-10818,2025-05-11,C1010,Furniture,Coffee Table,Burnaby,John,3,374.72,0.0,Cash
ORD-10559,2025-08-02,C1142,Furniture,Dining Chair,Surrey,Sara,2,251.09,0.0,E-transfer
ORD-10880,2025-07-01,C1238,Storage,Storage Bench,Vancouver,Alex,2,394.4,0.0,Credit Card
ORD-10359,2026-05-30,C1245,Storage,Sideboard,Richmond,John,3,689.72,0.0,Credit Card
ORD-10494,2025-11-22,C1040,Furniture,Dining Chair,Richmond,John,5,230.92,0.0,Credit Card
ORD-10663,2026-01-27,C1014,Storage,Sideboard,Richmond,David,5,686.84,0.0,Credit Card
ORD-10099,2025-06-16,C1179,Decor,Wall Mirror,North Vancouver,John,3,230.17,0.05,E-transfer
ORD-10703,2026-02-15,C1187,Furniture,Bookshelf,Burnaby,Mina,2,511.62,0.0,Credit Card
ORD-10928,2026-06-12,C1172,Storage,Cabinet,Richmond,David,3,586.18,0.0,Cash
ORD-10059,2025-11-10,C1130,Decor,Vase,Richmond,David,4,106.15,0.1,E-transfer
ORD-10325,2025-01-08,C1050,Decor,Rug,North Vancouver,David,3,435.65,0.2,Cash
ORD-10011,2025-07-02,C1246,Furniture,Coffee Table,Burnaby,David,4,361.53,0.0,Debit
ORD-10538,2025-10-18,C1033,Furniture,Coffee Table,Richmond,David,2,421.58,0.0,Credit Card
ORD-10874,2026-01-27,C1138,Storage,Sideboard,Vancouver,,5,802.06,0.0,Cash
ORD-11070,2025-11-13,C1065,Furniture,Dining Chair,Vancouver,John,4,260.24,0.1,Credit Card
ORD-10761,2025-01-23,C1126,storage,Storage Bench,Burnaby,Sara,2,344.46,0.05,Cash
ORD-10844,2025-11-04,C1097,Furniture,Bookshelf, Burnaby ,David,2,598.22,0.0,E-transfer
ORD-10074,2026-03-02,C1128,Furniture,Dining Chair,Vancouver,Sara,1,286.34,0.05,E-transfer
ORD-10548,2025-09-18,C1183,Furniture,Vintage Lamp,Richmond,Mina,1,175.22,0.1,Debit
ORD-10584,2025-12-07,C1153,Storage,Storage Bench,Surrey,Mina,1,337.85,0.1,Debit
ORD-10086,2026-03-22,C1177,Storage,Cabinet,North Vancouver,Mina,1,555.84,0.1,Debit
ORD-10188,2026-08-19,C1027,Storage,Sideboard,Vancouver,Alex,1,935.84,0.05,E-transfer
ORD-10857,2026-07-12,C1020,Decor,Vase,North Vancouver,Alex,4,91.76,0.15,Debit
ORD-11176,2025-03-26,C1111,Furniture,Bookshelf,Vancouver,John,5,590.47,0.0,Credit Card
ORD-10177,2026-01-11,C1130,Storage,Cabinet,Burnaby,Mina,2,625.41,0.2,E-transfer
ORD-10900,2025-05-01,C1031,decor,Art Print,Richmond,David,2,127.98,0.0,E-transfer
ORD-11168,2025-11-13,C1148,Furniture,Vintage Lamp,Vancouver,David,3,157.64,0.2,E-transfer
ORD-10190,2026-04-18,C1235,Storage,Sideboard,Richmond,David,2,890.17,0.1,Debit
ORD-11110,2026-06-15,C1234,Decor,Vase,Burnaby,Alex,4,85.26,0.15,E-transfer
ORD-10413,2026-07-21,C1237,Furniture,Dining Chair,Vancouver,David,5,246.43,0.0,Debit
ORD-10618,2026-03-17,C1240,Storage,Sideboard,North Vancouver,Mina,5,899.85,0.1,Cash
ORD-10986,2026-04-12,C1134,Decor,Rug,Richmond,Alex,5,450.09,0.0,Credit Card
ORD-10245,2025-04-23,C1133,Storage,Storage Bench,Richmond,Sara,4,292.89,0.0,E-transfer
ORD-10217,2025-06-04,C1046,Storage,Storage Bench,Richmond,Sara,3,375.99,0.15,E-transfer
ORD-10604,2025-12-03,C1229,Decor,Art Print,Surrey,Sara,2,150.77,0.1,Credit Card
ORD-10489,2025-10-11,C1229,Storage,Storage Bench,Burnaby,Alex,4,317.64,0.0,Credit Card
ORD-10764,2026-04-07,C1019,Storage,Storage Bench,Surrey,Sara,3,338.92,0.15,Cash
ORD-10401,2025-06-28,C1135,Decor,Art Print,Surrey,John,4,125.51,0.2,Cash
ORD-10991,2026-02-05,C1228,Furniture,Vintage Lamp,Burnaby,David,3,176.21,0.1,Debit
ORD-10650,2026-05-02,C1027,Decor,Wall Mirror,Burnaby,Mina,4,230.31,0.05,E-transfer
ORD-10713,2026-02-25,C1033,Storage,Cabinet,Surrey,Alex,3,554.17,0.0,Credit Card
ORD-10747,2025-05-25,C1082,Storage,Storage Bench,Surrey,Sara,4,-380.34,0.0,Credit Card
ORD-10669,2025-11-25,C1241,Decor,Art Print,Vancouver,David,2,121.9,0.0,E-transfer
ORD-10721,2026-03-21,C1236,Furniture,Vintage Lamp,Vancouver,Alex,1,205.92,0.15,Cash
ORD-10707,2025-11-02,C1115,Furniture,Dining Chair,North Vancouver,David,3,264.31,0.0,Credit Card
ORD-10871,2025-01-03,C1244,Storage,Cabinet,North Vancouver,Sara,1,596.4,0.0,Cash
ORD-10282,2026-03-18,C1200,Storage,Cabinet,Vancouver,,4,706.74,0.05,Cash
ORD-10280,2026-05-08,C1106,Storage,Storage Bench,Vancouver,John,1,367.05,0.0,Credit Card
ORD-10652,2025-08-20,C1102,Storage,Storage Bench,Richmond,John,2,326.23,0.0,E-transfer
ORD-10231,2025-07-01,C1078,Furniture,Coffee Table,North Vancouver,Alex,3,489.74,0.0,Cash
ORD-10080,2025-05-11,C1231,Furniture,Dining Chair,Vancouver,David,5,253.42,0.0,Debit
ORD-10473,2025-01-28,C1136,Decor,Vase,Richmond,Alex,4,106.92,0.0,Credit Card
ORD-10221,2025-12-06,C1109,Storage,Sideboard,Surrey,Sara,5,736.8,0.0,Debit
ORD-10472,2026-05-11,C1239,Decor,Vase,Surrey,Mina,2,103.49,0.05,Debit
ORD-10350,2025-03-20,C1057,Storage,Storage Bench,Surrey,Sara,2,373.7,0.2,E-transfer
ORD-10391,2026-05-17,C1223,Storage,Storage Bench,Vancouver,Mina,4,290.77,0.0,Cash
ORD-10228,2025-07-26,C1050,Decor,Wall Mirror,Richmond,David,3,185.62,0.2,Cash
ORD-10623,2025-09-22,C1007,Storage,Storage Bench,North Vancouver,John,4,304.89,0.0,E-transfer
ORD-10688,2026-06-30,C1013,Decor,Rug,Richmond,Sara,3,431.3,0.05,E-transfer
ORD-10782,2026-05-28,C1105,Decor,Art Print,Richmond,Sara,4,128.7,0.1,Debit
ORD-10942,2025-08-05,C1177,Storage,Sideboard,North Vancouver,Alex,1,741.83,0.0,Cash
ORD-11118,2025-04-05,C1221,Decor,Art Print,Burnaby,Sara,3,117.54,0.15,E-transfer
ORD-11048,2026-06-19,C1215,Furniture,Dining Chair,North Vancouver,John,2,264.45,0.15,Cash
ORD-10298,2025-02-16,C1189,Decor,Rug,Burnaby,Mina,5,435.93,0.0,E-transfer
ORD-10647,2025-10-06,C1145,Decor,Art Print,North Vancouver,Sara,5,154.84,0.0,Cash
ORD-10988,2025-01-28,C1214,Decor,Rug,Burnaby,Mina,2,466.97,0.0,Credit Card
ORD-11046,2026-01-29,C1098,Decor,Wall Mirror,Surrey,Alex,4,233.62,0.0,Debit
ORD-10370,2025-09-29,C1138,Furniture,Dining Chair,North Vancouver,John,4,238.96,0.0,credit card
ORD-10836,2025-10-20,C1149,Storage,Sideboard,North Vancouver,David,4,827.03,0.0,Cash
ORD-10967,2025-12-05,C1220,Storage,Storage Bench,Surrey,Alex,4,339.26,0.1,Cash
ORD-10763,2025-02-15,C1237,Storage,Sideboard,North Vancouver,Alex,3,848.07,0.1,Cash
ORD-10498,2026-01-02,C1036,Storage,Cabinet,Burnaby,John,2,732.42,0.1,E-transfer
ORD-10765,2025-10-26,C1101,storage,Cabinet,Burnaby,Sara,5,718.53,0.0,Cash
ORD-10300,2026-01-10,C1155,Decor,Art Print,Surrey,Mina,1,116.65,0.1,E-transfer
ORD-10348,2025-10-07,C1014,Furniture,Coffee Table,Richmond,David,3,410.11,0.15,Credit Card
ORD-10730,2025-07-12,C1027,Storage,Sideboard,North Vancouver,Mina,4,724.45,0.0,Cash
ORD-10593,2025-11-05,C1019,Decor,Art Print,North Vancouver,John,3,142.85,0.05,Credit Card
ORD-10831,2025-04-24,C1114,Decor,Art Print,Vancouver,David,3,152.33,0.0,Cash
ORD-11028,2026-02-24,C1141,Storage,Sideboard,Burnaby,Alex,1,930.81,0.0,Debit
ORD-10437,2026-07-14,C1179,Decor,Wall Mirror,Richmond,David,3,220.48,0.0,Debit
ORD-10105,2026-05-09,C1239,Furniture,Bookshelf,Vancouver,David,3,483.25,0.0,Credit Card
ORD-10889,2026-04-11,C1068,Decor,Vase,North Vancouver,David,2,103.86,0.1,Debit
ORD-10752,2025-03-15,C1162,Storage,Storage Bench,Richmond,John,5,293.7,0.0,Debit
ORD-10774,2026-08-20,C1188,Decor,Vase,Burnaby,John,3,111.29,0.0,Debit
ORD-10898,2026-07-13,C1207,Decor,Vase,North Vancouver,Sara,2,99.43,0.0,Debit
ORD-10333,2025-11-09,C1201,Furniture,Bookshelf,North Vancouver,David,4,641.18,0.0,E-transfer
ORD-10568,2025-03-02,C1136,Storage,Sideboard,Richmond,Mina,4,842.86,0.0,Credit Card
ORD-10063,2026-03-14,C1091,Storage,Sideboard,Surrey,Alex,1,813.97,0.2,Debit
ORD-10024,2025-06-10,C1213,Decor,Vase, Richmond ,David,5,91.77,5%,Credit Card
ORD-11126,2026-06-16,C1243,Decor,Rug,Vancouver,David,2,387.96,0.0,E-transfer
ORD-10920,invalid_date,C1014,Decor,Vase,Burnaby,John,2,95.03,0.1,Cash
ORD-10906,2025-05-03,C1019,Decor,Rug,Vancouver,David,3,460.35,0.0,
ORD-11172,2025-03-16,C1045,Furniture,Vintage Lamp,Vancouver,John,3,163.46,0.05,E-transfer
ORD-10675,2026-02-06,C1164,Decor,Rug,North Vancouver,David,1,406.19,0.0,Cash
ORD-10861,2026-03-24,C1161,Decor,Vase,Surrey,John,2,84.88,0.0,E-transfer
ORD-10163,2025-04-23,C1205,Decor,Art Print,Surrey,David,4,155.48,0.1,Debit
ORD-10634,2025-04-05,C1155,Furniture,Vintage Lamp,North Vancouver,David,1,194.96,0.05,Cash
ORD-10883,2025-02-25,C1189,Furniture,Dining Chair,Surrey,Mina,5,250.54,0.05,Debit
ORD-10411,2025-12-23,,Storage,Storage Bench,Richmond,John,2,348.8,0.0,Cash
ORD-10364,2025-04-12,C1080,Storage,Sideboard,Burnaby,Sara,3,886.38,0.05,Cash
ORD-10694,2025-05-30,C1100,Furniture,Coffee Table,Richmond,Alex,1,359.85,0.0,Debit
ORD-11068,2025-05-08,C1132,Decor,Art Print,Richmond,Mina,1,111.32,0.1,Cash
ORD-10989,2025-11-28,C1159,Furniture,Dining Chair,Surrey,John,2,224.14,0.0,Cash
ORD-10399,2026-08-18,C1126,Furniture,Coffee Table,Vancouver,David,1,394.87,0.0,E-transfer
ORD-11081,2026-01-31,C1091,Storage,Cabinet,Burnaby,Alex,1,557.17,0.2,E-transfer
ORD-11186,2026-02-19,,Decor,Vase,Burnaby,Alex,3,88.39,0.1,Credit Card
ORD-10032,2026-05-14,C1092,Furniture,Vintage Lamp,Richmond,,1,162.66,0.0,Cash
ORD-11132,2025-12-16,C1127,Furniture,Coffee Table,Surrey,John,4,449.87,0.05,Credit Card
ORD-11178,2026-03-01,C1154,Decor,Vase,Burnaby,David,1,102.87,0.0,E-transfer
ORD-10645,2025-05-03,C1146,Furniture,Dining Chair,North Vancouver,Alex,5,213.37,0.0,Debit
ORD-10343,2025-02-01,C1198,Furniture,Vintage Lamp,Richmond,Sara,2,212.56,0.0,Credit Card
ORD-11043,2025-05-28,C1165,Storage,Sideboard,Vancouver,Mina,4,904.58,0.0,E-transfer
ORD-10588,2025-10-18,C1007,Decor,Rug,Richmond,Sara,5,338.15,0.0,Credit Card
ORD-10531,2026-06-03,C1073,Storage,Storage Bench,Vancouver,Alex,1,297.05,0.0,Credit Card
ORD-10034,2025-05-18,C1243,Storage,Cabinet,Vancouver,David,1,582.49,0.1,E-transfer
ORD-10821,2025-10-18,C1133,Storage,Cabinet,Surrey,John,4,715.54,0.0,E-transfer
ORD-10759,2026-03-24,C1100,Decor,Vase,Vancouver,David,1,106.34,0.1,E-transfer
ORD-10151,03/08/2025,C1079,Storage,Sideboard,Surrey,David,5,731.92,0.0,Cash
ORD-10751,2025-04-23,C1188,Storage,Sideboard,Richmond,Alex,5,869.47,0.0,E-transfer
ORD-10314,2025-07-18,C1134,Storage,Sideboard, North Vancouver ,John,3,697.73,0.0,Debit
ORD-10236,2025-11-23,C1110,Furniture,Coffee Table,Surrey,Alex,2,489.14,0.2,Debit
ORD-10021,03/28/2025,C1199,Furniture,Dining Chair,Vancouver,David,4,212.69,0.05,Cash
ORD-11120,2025-08-16,C1082,Storage,Sideboard,Richmond,Sara,1,777.22,0.0,Debit
ORD-11030,2025-11-13,C1172,Furniture,Vintage Lamp,Vancouver,Sara,5,204.12,0.1,E-transfer
ORD-10095,2026-05-22,C1173,Storage,Sideboard,North Vancouver,David,5,794.74,0.1,E-transfer
ORD-10797,2025-12-18,C1041,Storage,Storage Bench,Burnaby,Alex,2,392.18,0.15,E-transfer
ORD-10185,2025-09-11,C1073,Storage,Cabinet,North Vancouver,Alex,1,693.47,0.2,Credit Card
ORD-10572,2025-05-29,C1248,Storage,Storage Bench,Burnaby,Mina,3,289.27,0.05,Debit
ORD-10530,2025-06-04,C1007,Decor,Rug,Vancouver,John,4,398.59,0.0,Credit Card
ORD-10812,2025-12-17,C1199,Decor,Art Print,Burnaby,Mina,2,134.13,0.05,E-transfer
ORD-10455,2025-06-29,C1139,Storage,Cabinet,Burnaby,Mina,4,678.77,0.0,Debit
ORD-10565,2026-02-24,C1062,Storage,Cabinet,Surrey,John,2,774.11,0.0,Cash
ORD-10358,2025-02-25,C1168,Decor,Rug,Surrey,Alex,1,421.08,0.0,Cash
ORD-10471,2025-05-12,C1033,Furniture,Dining Chair,Burnaby,John,2,272.25,0.1,Debit
ORD-10332,2025-02-12,C1036,Storage,Sideboard,Burnaby,Mina,2,792.76,0.1,Debit
ORD-10918,2025-12-21,C1022,Storage,Storage Bench,Richmond,Alex,1,292.18,0.05,Debit
ORD-10817,2026-06-12,C1086,Storage,Cabinet,North Vancouver,Mina,5,714.06,0.05,Credit Card
ORD-10609,2025-02-19,C1169,Storage,Cabinet,North Vancouver,Mina,5,588.57,0.0,Credit Card
ORD-10854,2025-01-26,C1196,Storage,Sideboard,North Vancouver,Mina,3,782.98,0.0,Cash
ORD-10302,2025-05-23,C1010,Storage,Storage Bench,Surrey,John,4,376.34,0.05,Debit
ORD-10339,2026-04-15,C1245,Storage,Cabinet,Surrey,David,1,766.9,0.0,Cash
ORD-10294,2025-02-12,C1008,Furniture,Vintage Lamp,Vancouver,Mina,2,215.36,0.0,Cash
ORD-10030,2026-06-21,C1006,Storage,Storage Bench,Surrey,David,2,340.43,0.0,credit card
ORD-10253,2025-04-29,C1048,Storage,Cabinet ,North Vancouver,Alex,2,618.78,0.05,Cash
ORD-11072,2026-07-04,C1031,Furniture,Vintage Lamp,Richmond,John,3,190.75,0.0,
ORD-10743,2026-05-10,C1090,Furniture,Vintage Lamp,Burnaby,David,4,179.52,0.0,Cash
ORD-10257,2025-04-16,C1180,Decor,Vase,Burnaby,John,1,$96.29,0.0,Cash
ORD-10198,2026-01-28,C1046,Storage,Cabinet,North Vancouver,John,5,654.59,0.0,Cash
ORD-10428,2026-08-21,C1161,Decor,Art Print, Surrey ,Mina,1,111.22,0.05,Cash
ORD-10145,2025-01-14,C1202,Decor,Art Print,Surrey,John,3,155.05,0.0,Cash
ORD-10431,2025-04-10,C1214,Storage,Sideboard,Surrey,Alex,2,786.15,0.0,Cash
ORD-10073,2026-01-14,C1204,Decor,Art Print,Surrey,Sara,3,149.23,0.0,Credit Card
ORD-10924,2025-06-24,C1192,Furniture,Coffee Table,Surrey,Sara,3,499.82,0.05,Debit
ORD-11179,2025-10-05,C1100,Furniture,Bookshelf,Vancouver,David,2,520.64,0.2,Cash
ORD-10899,2025-09-04,C1094,Furniture,Dining Chair,Surrey,Sara,4,230.22,0.0,Credit Card
ORD-10828,2026-01-08,C1043,Decor,Wall Mirror,Burnaby,Alex,4,224.56,0.0,Cash
ORD-10054,2026-01-27,C1192,Storage,Storage Bench,Surrey,Sara,3,373.41,0.05,Debit
ORD-11003,2026-07-24,C1184,Decor,Art Print,Vancouver,Alex,4,155.04,0.15,Cash
ORD-10636,2025-06-17,C1159,Storage,Sideboard,Surrey,Mina,1,850.23,0.15,E-transfer
ORD-10677,2025-12-18,C1165,Storage,Cabinet,Burnaby,Alex,3,,0.1,E-transfer
ORD-10046,2025-10-30,C1135,Storage,Cabinet,Vancouver,Mina,5,751.56,0.15,Credit Card
ORD-11083,2025-12-18,C1067,furniture,Dining Chair,Richmond,Mina,2,280.85,0.0,Cash
ORD-10704,2026-06-08,C1241,Storage,Cabinet,Richmond,Mina,3,689.73,0.0,Debit
ORD-10936,2026-05-17,C1159,Furniture,Dining Chair,Richmond,David,1,254.87,0.0,Debit
ORD-10440,2026-04-01,C1067,Storage,Storage Bench,Burnaby,John,5,346.9,0.15,Cash
ORD-11073,invalid_date,C1157,Storage,Storage Bench,North Vancouver,John,2,337.66,0.15,Cash
ORD-10003,2026-01-14,C1017,Storage,Storage Bench,North Vancouver,Mina,2,368.06,0.0,Cash
ORD-10220,2025-10-07,C1235,Furniture,Dining Chair,Burnaby,John,2,204.46,0.1,Cash
ORD-11015,2025-03-11,C1045,Storage,Cabinet, North Vancouver ,Alex,1,692.7,0.05,Debit
ORD-11198,2026-01-31,C1173,Furniture,Vintage Lamp,Richmond,Sara,3,,0.0,Debit
ORD-10973,2025-04-30,C1154,Storage,Sideboard,Burnaby,Alex,1,765.92,0.0,E-transfer
ORD-10999,2025-08-14,C1016,Storage,Sideboard,North Vancouver,David,1,821.53,0.1,Cash
ORD-11112,2025-09-19,C1086,Decor,Art Print,Richmond,John,3,141.58,0.0,Cash
ORD-10327,2025-04-03,C1176,Decor,Art Print,Surrey,Sara,3,144.16,0.0,Cash
ORD-11055,2026-07-29,C1212,Decor,Vase,Surrey,John,1,97.68,0.0,Debit
ORD-10696,2026-08-15,C1046,Decor,Art Print,Surrey,Alex,3,140.26,0.15,Credit Card
ORD-10129,2026-05-28,C1225,Decor,Wall Mirror,Surrey,John,2,224.01,0.0,Cash
ORD-10389,2026-02-18,C1139,Storage,Sideboard,Richmond,Alex,1,900.03,0.0,Credit Card
ORD-10075,2026-06-15,C1093,Furniture,Vintage Lamp,Vancouver,Alex,2,197.7,0.0,Credit Card
ORD-11086,2026-01-26,C1017,Decor,Art Print, North Vancouver ,David,5,120.08,0.0,Debit
ORD-10760,2025-05-26,C1025,Decor,Rug,Vancouver,Mina,5,368.93,0.1,E-transfer
ORD-11049,2026-04-23,C1192,Decor,Wall Mirror,Burnaby,Mina,1,237.63,0.05,Cash
ORD-10203,2025-02-09,C1150,Decor,Art Print,North Vancouver,Alex,5,110.55,0.0,E-transfer
ORD-10856,2025-01-24,C1179,Decor,Wall Mirror,Surrey,Sara,2,195.21,0.15,E-transfer
ORD-10897,2025-04-24,C1166,Storage,Storage Bench,Vancouver,Sara,5,307.99,0.1,Credit Card
ORD-10922,2025-07-28,C1114,Storage,Sideboard,Burnaby,David,5,892.21,0.1,E-transfer
ORD-10613,2025-02-02,C1248,Furniture,Dining Chair,Richmond,Alex,5,265.98,0%,Debit
ORD-10056,2026-03-12,,Decor,Wall Mirror,Vancouver,John,4,184.71,0.2,Cash
ORD-10914,2026-07-02,C1157,Furniture,Bookshelf,Richmond,Alex,2,648.58,0.0,E-transfer
ORD-10288,2025-08-26,C1090,Storage,Cabinet,Surrey,Mina,5,767.52,0.0,Debit
ORD-10377,2025-02-25,C1177,Storage,Sideboard,Surrey,Sara,1,816.43,0.0,E-transfer
ORD-10295,2026-04-10,C1077,Storage,Sideboard,Surrey,Mina,1,835.24,0.15,E-transfer
ORD-10491,2026-04-25,C1233,Furniture,Dining Chair,Vancouver,Sara,3,284.45,0.15,Cash
ORD-11004,2026-06-07,C1143,Furniture,Bookshelf, North Vancouver ,David,1,505.73,0.0,Credit Card
ORD-10461,2026-02-10,C1072,Decor,Vase,Vancouver,David,1,108.72,0.2,Cash
ORD-10361,2025-09-13,C1013,Storage,Storage Bench,Richmond,Mina,5,318.36,0.05,Debit
ORD-10586,2025-04-14,C1132,Storage,Sideboard,Richmond,Alex,5,811.33,0.1,Cash
ORD-10214,2026-07-14,C1068,Decor,Rug,Richmond,John,5,384.94,0.0,E-transfer
ORD-10197,2025-04-16,C1016,Storage,Cabinet,Burnaby,Alex,2,592.39,0.1,Cash
ORD-10017,2026-08-05,C1198,Decor,Vase,Richmond,Alex,4,106.64,0.1,Debit
ORD-10192,2025-04-03,C1128,Storage,Cabinet, Vancouver ,David,2,673.95,0.0,Credit Card
ORD-10150,2025-06-05,C1023,Furniture,Dining Chair,North Vancouver,David,3,207.79,0.0,E-transfer
ORD-10372,2026-07-24,C1123,Decor,Wall Mirror,Vancouver,John,4,233.52,0.15,Debit
ORD-10543,2025-01-26,C1075,Furniture,Coffee Table,Vancouver,Sara,1,368.66,0.1,Debit
ORD-10111,2026-08-23,C1134,Decor,Rug,Vancouver,Sara,3,371.95,0.0,E-transfer
ORD-10078,2025-11-02,C1033,Furniture,Vintage Lamp,Vancouver,John,3,178.45,0.0,Credit Card
ORD-10501,2025-03-08,C1065,Decor,Art Print,Burnaby,David,unknown,114.12,0.1,Cash
ORD-10592,2025-11-08,C1235,Furniture,Dining Chair,Richmond,Mina,1,228.57,0.1,Cash
ORD-10474,2025-12-19,C1019,Storage,Cabinet,Surrey,Alex,2,605.41,0.0,Debit
ORD-10855,2025-04-16,C1090,Furniture,Dining Chair,North Vancouver,John,5,222.44,0.0,E-transfer
ORD-10365,2025-12-05,C1085,Storage,Cabinet,Richmond,Sara,2,716.54,0.0,Cash
ORD-10796,2025-02-19,C1138,Decor,Vase,Burnaby,Alex,3,89.92,0.1,Cash
ORD-11019,2026-04-03,C1134,Decor,Vase,North Vancouver,Mina,1,93.61,0.0,Credit Card
ORD-10120,2025-09-17,C1185,Storage,Sideboard,Vancouver,David,5,672.79,0.2,Credit Card
ORD-10514,2025-07-09,C1187,Storage,Storage Bench,Richmond,Alex,3,304.21,0.0,Cash
ORD-10591,2026-08-22,C1115,Decor,Vase,North Vancouver,Alex,5,$84.56,0.15,E-transfer
ORD-10781,2025-09-29,C1002,Furniture,Dining Chair,Richmond,Alex,2,275.95,0.1,Credit Card
ORD-10493,2026-07-03,C1228,Furniture,Vintage Lamp,Vancouver,Alex,4,203.23,0.2,E-transfer
ORD-11090,2025-05-29,C1167,Furniture,Bookshelf,Burnaby,Sara,1,656.91,0.05,Cash
ORD-10612,2025-07-27,C1094,Storage,Cabinet,Burnaby,John,1,732.38,0.15,E-transfer
ORD-10250,2026-07-31,C1158,Storage,Storage Bench,North Vancouver,David,5,323.34,0.0,E-transfer
ORD-10000,2025-09-21,C1051,Furniture,Bookshelf,Vancouver,Mina,4,644.29,0.1,Cash
ORD-10167,2025-04-02,C1039,Storage,Cabinet,North Vancouver,Alex,3,696.34,0.0,Debit
ORD-10354,2025-08-20,C1082,Storage,Sideboard,Vancouver,Alex,3,755.55,0.0,Credit Card
ORD-10483,2025-09-10,C1077,Storage,Sideboard,Vancouver,Mina,3,767.82,0.2,Cash
ORD-10907,2026-03-20,C1061,Furniture,Bookshelf,North Vancouver,Mina,1,664.26,0.0,Debit
ORD-10790,2025-05-16,C1138,decor,Wall Mirror,Vancouver,David,1,235.77,0.0,Credit Card
ORD-10305,2026-08-01,C1107,Decor,Vase,Burnaby,Sara,5,95.73,0.0,Credit Card
ORD-11002,2026-01-11,C1248,Storage,Cabinet,Vancouver,Mina,1,579.91,0.0,Cash
ORD-10238,2025-09-25,C1022,Decor,Rug,Vancouver,David,4,$458.54,0.05,Credit Card
ORD-10750,2025-10-01,C1002,Decor,Wall Mirror,Vancouver,Mina,4,223.93,0.0,Debit
ORD-10822,2025-05-31,C1196,Decor,Rug,Burnaby,John,2,417.64,0.0,E-transfer
ORD-10833,2026-01-05,C1066,Storage,Sideboard,Surrey,Alex,3,722.55,0.1,Credit Card
ORD-10268,2025-09-17,C1153,Furniture,Dining Chair,Surrey,Mina,5,225.25,0.1,Debit
ORD-10154,2025-06-01,C1094,Decor,Wall Mirror,Richmond,Mina,1,190.28,0.15,E-transfer
ORD-10742,2026-02-01,C1171,Decor,Art Print,Vancouver,Alex,5,134.52,0.0,E-transfer
ORD-10886,2026-07-05,C1124,Decor,Wall Mirror, Vancouver ,Alex,1,208.41,0.0,E-transfer
ORD-10114,2025-07-25,C1241,Storage,Sideboard,Surrey,Mina,5,777.76,0.2,E-transfer
ORD-10975,2026-06-03,C1107,Storage,Storage Bench,Vancouver,Alex,5,283.24,0.0,Cash
ORD-11022,2025-06-08,C1069,Furniture,Coffee Table,North Vancouver,Alex,2,405.39,0.0,Credit Card
ORD-10210,2025-08-29,C1022,Decor,Wall Mirror,Richmond,John,2,202.31,0.2,Cash
ORD-10226,2025-10-06,C1157,Storage,Sideboard,Surrey,Sara,3,851.4,0.0,Debit
ORD-10908,2025-09-25,C1129,Storage,Sideboard,Surrey,John,4,664.6,0.05,Credit Card
ORD-10869,2025-09-27,C1084,Furniture,Dining Chair,Burnaby,Sara,3,235.51,0.0,Credit Card
ORD-11151,2026-05-01,C1110,Furniture,Coffee Table ,Surrey,,5,502.14,0.0,E-transfer
ORD-10299,2025-06-27,C1085,Decor,Rug,Richmond,David,1,409.15,0.0,E-transfer
ORD-10477,2025-03-04,C1211,Furniture,Dining Chair,Richmond,Alex,3,238.85,0.0,credit card
ORD-10355,2026-03-30,C1012,Furniture,Vintage Lamp,Richmond,Alex,2,215.42,0.15,E-transfer
ORD-11163,2026-02-28,C1143,Storage,Storage Bench,Burnaby,David,1,392.4,0.2,Cash
ORD-10672,2025-11-24,C1165,Storage,Sideboard,Burnaby,John,2,696.86,0.0,Cash
ORD-10259,2026-04-03,C1158,Storage,Cabinet,Surrey,Sara,3,764.08,0.0,Cash
ORD-10888,2025-07-26,C1071,Storage,Sideboard,Burnaby,Mina,1,872.07,0.1,Credit Card
ORD-10630,2026-05-17,C1090,Decor,Wall Mirror,Richmond,Alex,3,247.07,0.0,Cash
ORD-11060,2026-01-19,C1237,Decor,Vase,North Vancouver,John,1,98.04,0.0,Debit
ORD-11115,2025-02-05,C1093,Decor,Vase,Richmond,Sara,4,110.42,0.1,Debit
ORD-10334,2026-06-16,C1068,Furniture,Vintage Lamp,Vancouver,Sara,2,183.82,0.0,E-transfer
ORD-11025,2026-03-09,C1211,Storage,Storage Bench,Richmond,David,2,321.9,0.0,Credit Card
ORD-10974,2026-06-18,C1177,Furniture,Dining Chair,Vancouver,John,1,283.07,0.0,Cash
ORD-10670,2025-04-27,C1184,Storage,Cabinet,Surrey,David,5,624.13,0.15,Cash
ORD-11024,2026-01-26,C1184,Furniture,Coffee Table,North Vancouver,John,4,470.68,0.0,E-transfer
ORD-11065,2026-01-11,C1095,Decor,Wall Mirror,Surrey,Sara,3,201.94,0.0,Cash
ORD-10546,2025-11-17,C1159,furniture,Dining Chair,Surrey,Mina,3,$231.2,0.0,Credit Card
ORD-10144,2026-06-27,C1126,Decor,Wall Mirror,Vancouver,Sara,4,242.12,0.1,Credit Card
ORD-10580,2026-02-28,C1137,Furniture,Dining Chair,Surrey,Sara,2,274.42,0.05,E-transfer
ORD-10329,2025-05-12,C1131,Storage,Cabinet,Surrey,Sara,2,658.04,0.2,Credit Card
ORD-11034,2026-02-11,C1232,Furniture,Vintage Lamp,Vancouver,Sara,5,177.93,0.0,Cash
ORD-10419,2026-05-17,C1229,Storage,Cabinet,Richmond,John,2,585.68,0.0,Credit Card
ORD-11189,2026-02-11,C1068,Furniture,Dining Chair,Surrey,John,3,215.42,0.0,Credit Card
ORD-10769,2025-06-22,C1140,Storage,Cabinet,Richmond,Alex,3,583.45,0.05,E-transfer
ORD-10297,2025-04-03,C1173,Storage,Cabinet,Burnaby,John,3,608.55,0.15,E-transfer
ORD-10705,2025-01-20,C1177,Storage,Storage Bench,Vancouver,Mina,4,365.08,0.1,Credit Card
ORD-10408,2025-12-18,C1048,Storage,Sideboard, Surrey ,David,4,842.45,0.1,Cash
ORD-11062,2026-02-27,C1091,Furniture,Bookshelf,Burnaby,Alex,2,531.72,0.0,Cash
ORD-10606,2025-05-10,C1162,Decor,Rug,Burnaby,Alex,1,441.32,0.05,Credit Card
ORD-10892,2026-01-26,C1157,Decor,Art Print,Richmond,David,4,151.65,0.15,Debit
ORD-10497,2025-12-30,C1125,Storage,Cabinet,Vancouver,John,4,567.6,0.0,E-transfer
ORD-10107,2025-05-21,C1111,Decor,Wall Mirror,Vancouver,John,5,224.21,0.15,E-transfer
ORD-11105,2025-02-06,C1056,Decor,Art Print,Surrey,Mina,4,150.58,0.05,Debit
ORD-10125,2025-07-13,C1216,Decor,Vase,Surrey,,2,88.81,0.0,Credit Card
ORD-10470,2026-02-12,C1244,Storage,Cabinet,North Vancouver,John,4,564.8,0.2,
ORD-10420,2025-12-04,C1073,Decor,Wall Mirror,North Vancouver,Mina,2,205.55,0.05,Credit Card
ORD-10741,2025-10-21,C1033,Storage,Sideboard,North Vancouver,Mina,3,814.44,0.0,Cash
ORD-11149,2025-03-16,C1217,Furniture,Vintage Lamp,Surrey,Mina,1,211.36,0.0,Cash
ORD-10246,2026-08-20,C1231,Storage,Sideboard,Richmond,John,2,795.75,0.0,Credit Card
ORD-10267,2026-05-04,C1086,Furniture,Coffee Table,North Vancouver,Mina,5,391.58,0.0,Debit
ORD-10545,2025-12-23,C1143,Storage,Storage Bench,Surrey,Mina,2,354.61,0.1,Cash
ORD-10049,2026-06-26,C1145,Storage,Storage Bench,Surrey,Alex,5,393.64,0.1,E-transfer
ORD-10161,2025-04-09,C1042,Storage,Storage Bench,Burnaby,John,1,344.54,0.0,Credit Card
ORD-10207,2025-02-03,,Decor,Vase,Surrey,Mina,2,92.63,0.0,Credit Card
ORD-10577,2025-06-22,C1018,Decor,Wall Mirror,Surrey,David,2,233.72,0.1,Debit
ORD-10513,2025-06-10,C1063,Furniture,Coffee Table,Surrey,David,4,389.63,0.0,Cash
ORD-10067,2025-03-08,C1172,Storage,Storage Bench,Burnaby,Alex,3,395.66,0.15,Cash
ORD-11162,2026-07-25,C1177,Storage,Cabinet,North Vancouver,John,5,680.18,0.0,credit card
ORD-10345,2025-09-26,C1216,Storage,Storage Bench,Burnaby,David,1,,0.15,E-transfer
ORD-10342,2026-05-21,C1038,Furniture,Dining Chair,North Vancouver,David,1,231.21,0.0,Debit
ORD-10706,2026-06-05,C1159,Decor,Vase,Surrey,John,5,98.61,0.1,Cash
ORD-10799,2025-04-19,C1170,Decor,Vase,North Vancouver,Mina,2,86.99,0.0,Cash
ORD-10758,2025-06-20,C1059,Furniture,Coffee Table,Vancouver,Mina,3,367.36,0.1,E-transfer
ORD-10001,2026-04-17,C1126,Storage,Storage Bench,Burnaby,Sara,4,295.3,0.0,Cash
ORD-10307,2026-07-19,C1049,Storage,Cabinet,Burnaby,David,1,590.58,0.05,E-transfer
ORD-10881,2025-11-29,C1185,Furniture,Bookshelf,Burnaby,Alex,4,536.2,0.05,Debit
ORD-10825,2026-03-22,C1157,Decor,Wall Mirror,Burnaby,John,2,195.99,0.2,Credit Card
ORD-11074,2025-04-02,C1003,Storage,Cabinet, Surrey ,David,1,709.5,0.0,Cash
ORD-10644,2025-07-14,C1042,Furniture,Bookshelf,Surrey,Alex,3,586.51,0.0,Debit
ORD-10757,2025-10-24,C1177,Decor,Rug ,North Vancouver,David,4,380.03,0.0,Debit
ORD-10005,2026-08-04,C1020,Storage,Storage Bench,Richmond,Alex,2,318.13,0.0,Credit Card
ORD-10935,2026-03-03,C1110,Decor,Wall Mirror,Surrey,John,3,199.59,0.1,Credit Card
ORD-11088,2025-02-20,C1077,Furniture,Coffee Table,Surrey,Alex,2,397.29,0.2,Credit Card
ORD-10619,2026-05-15,C1203,Storage,Storage Bench,North Vancouver,Mina,5,364.85,0.1,Debit
ORD-10638,2026-01-10,,Storage,Storage Bench,Richmond,Mina,4,335.47,0.05,Debit
ORD-10792,2025-10-17,C1119,Furniture,Dining Chair,Richmond,Alex,1,281.63,0.05,Cash
ORD-10990,2025-12-23,C1224,Furniture,Coffee Table,Vancouver,Mina,4,378.72,0.1,Debit
ORD-10615,2025-12-27,C1060,Storage,Cabinet,Surrey,John,2,573.49,0.05,Debit
ORD-10008,2025-03-25,C1200,Furniture,Coffee Table,Surrey,Alex,4,386.39,0.0,E-transfer
ORD-10033,2025-07-06,C1125,Furniture,Vintage Lamp,Richmond,Mina,2,201.98,0.2,Credit Card
ORD-10583,2026-05-28,C1097,Decor,Vase,Vancouver,Alex,3,94.52,0.05,E-transfer
ORD-10121,2025-02-09,C1198,Furniture,Vintage Lamp,Burnaby,Sara,3,181.67,0.05,Credit Card
ORD-10510,2025-09-23,C1080,Furniture,Coffee Table ,Burnaby,Sara,5,392.94,0.15,Debit
ORD-10181,2026-04-03,C1175,Storage,Storage Bench,Burnaby,Alex,2,336.01,0.0,E-transfer
ORD-10409,2025-11-19,C1027,Storage,Sideboard,Burnaby,John,5,828.49,0.0,E-transfer
ORD-11087,2025-05-12,C1048,Decor,Wall Mirror,Burnaby,David,5,203.67,20%,Credit Card
ORD-11136,2025-04-25,C1092,Storage,Sideboard,Surrey,John,3,696.72,0.2,Cash
ORD-10160,2025-09-18,C1046,Decor,Art Print,North Vancouver,,5,116.49,0.0,Debit
ORD-10141,2026-02-14,C1067,Decor,Vase,Vancouver,Alex,1,85.72,0.2,Credit Card
ORD-10762,2025-08-07,C1077,Storage,Cabinet,North Vancouver,John,4,745.57,0.0,Credit Card
ORD-10921,2025-04-29,C1183,Storage,Cabinet,Burnaby,Mina,1,769.66,0.1,Cash
ORD-10972,2026-01-28,C1228,Storage,Cabinet,North Vancouver,John,2,677.5,0.0,E-transfer
ORD-10388,2025-10-26,C1079,Furniture,Coffee Table,North Vancouver,David,3,442.32,0.0,Credit Card
ORD-10953,2025-03-02,C1078,Furniture,Vintage Lamp,Vancouver,Alex,5,201.09,0.0,Cash
ORD-10235,2026-08-09,C1157,Decor,Rug,Vancouver,John,1,446.45,0.2,Cash
ORD-11157,2025-12-24,C1213,Decor,Art Print,Surrey,John,2,127.91,0.1,E-transfer
ORD-10384,2025-07-14,C1074,Storage,Sideboard,Richmond,Alex,1,805.43,0.0,Cash
ORD-10877,2026-06-16,C1183,Decor,Wall Mirror,Burnaby,John,5,205.58,0.0,Cash
ORD-10464,2026-02-20,C1145,Furniture,Vintage Lamp,North Vancouver,Mina,4,196.27,0.05,Debit
ORD-11161,2025-04-14,C1185,Furniture,Coffee Table,Surrey,John,5,444.85,0.05,Debit
ORD-11052,2025-04-02,C1017,Furniture,Bookshelf,Richmond,David,5,611.6,0.05,E-transfer
ORD-10858,2025-06-16,C1246,Decor,Rug,Richmond,Alex,4,421.38,0.0,credit card
ORD-10271,2025-04-24,C1109,Furniture,Dining Chair,Richmond,Alex,2,220.42,0.0,Cash
ORD-10240,2025-01-30,C1038,Furniture,Vintage Lamp,Vancouver,Sara,3,162.68,0.0,E-transfer
ORD-10780,2025-01-28,C1194,Storage,Storage Bench,North Vancouver,David,5,368.29,0.1,Debit
ORD-10929,2025-03-18,C1058,Storage,Cabinet,North Vancouver,Alex,1,775.96,0.1,Cash
ORD-10475,2025-09-16,C1135,Decor,Vase,Surrey,David,2,107.85,0.0,Cash
ORD-10248,2025-10-13,C1180,Decor,Rug,Surrey,Alex,2,339.74,0.1,Cash
ORD-10594,2026-05-03,C1142,Furniture,Bookshelf,North Vancouver,David,2,644.7,0.0,Debit
ORD-11104,2026-06-30,C1093,Decor,Wall Mirror,Burnaby,David,2,225.67,0.05,E-transfer
ORD-10560,2025-07-27,C1032,Storage,Cabinet,Burnaby,Alex,1,685.62,0.05,Debit
ORD-10482,2026-01-02,C1098,Decor,Art Print,North Vancouver,Mina,4,155.39,0.0,Credit Card
ORD-10952,2026-02-16,C1129,Furniture,Bookshelf,North Vancouver,David,5,496.41,0.0,Cash
ORD-10050,2025-03-22,C1242,Decor,Rug,North Vancouver,John,4,404.67,0.05,Debit
ORD-10274,2025-10-06,C1053,Furniture,Vintage Lamp,North Vancouver,Mina,3,171.23,0.1,Cash
ORD-10486,2026-05-28,C1195,Storage,Cabinet,North Vancouver,Mina,2,560.34,0.1,Credit Card
ORD-10681,2026-01-06,C1120,Furniture,Coffee Table,Vancouver,Alex,1,367.77,0.0,Cash
ORD-10887,2025-01-25,C1231,Storage,Storage Bench,Surrey,David,2,297.28,0.0,Cash
ORD-10660,2025-03-19,C1233,Decor,Vase,Burnaby,David,3,103.85,0.0,Credit Card
ORD-10596,2025-06-04,C1012,Furniture,Bookshelf,Surrey,Alex,3,622.08,0.0,Cash
ORD-10998,2025-10-17,C1171,Decor,Rug,North Vancouver,Mina,5,346.27,0.1,Cash
ORD-10868,2025-02-13,C1036,Furniture,Vintage Lamp,North Vancouver,Alex,4,181.42,0.0,Cash
ORD-10304,2025-02-13,C1129,Storage,Storage Bench,North Vancouver,David,1,340.06,0.0,Debit
ORD-10122,2025-08-19,C1113,Storage,Cabinet,Burnaby,John,4,566.27,0.1,Debit
ORD-10233,2025-08-27,C1044,Storage,Sideboard,North Vancouver,David,4,784.49,0.0,Debit
ORD-10829,2025-09-05,C1192,Storage,Sideboard,North Vancouver,David,3,789.97,0.0,Cash
ORD-10447,2025-12-16,C1091,Furniture,Vintage Lamp,Burnaby,Alex,1,-170.97,0.1,E-transfer
ORD-10840,2025-04-01,C1106,Furniture,Vintage Lamp,Burnaby,Sara,2,,0.0,Cash
ORD-10202,2025-08-20,C1041,Decor,Art Print,Burnaby,Mina,1,122.82,0.05,E-transfer
ORD-10753,2025-05-28,C1240,Decor,Rug,Surrey,John,5,343.07,0.0,Cash
ORD-10511,2025-04-20,C1080,Storage,Sideboard,Vancouver,Mina,4,862.73,0.0,Cash
ORD-10610,2026-06-30,C1098,Furniture,Vintage Lamp,Burnaby,David,5,209.07,0.1,Debit
ORD-10700,2026-04-29,C1008,Storage,Cabinet ,Surrey,John,1,576.57,0.05,Cash
ORD-11144,2025-08-01,C1120,Decor,Art Print,Surrey,Alex,2,134.05,0.0,E-transfer
ORD-10368,2025-03-04,C1079,Decor,Wall Mirror,North Vancouver,David,4,251.98,0.0,Debit
ORD-10048,2025-03-03,,Storage,Sideboard,North Vancouver,Alex,5,890.53,0.0,Credit Card
ORD-10772,2025-06-12,C1214,Decor,Vase,Burnaby,Sara,3,102.31,0.0,E-transfer
ORD-10969,2026-04-22,C1084,Decor,Art Print,Burnaby,David,4,124.16,0.0,Debit
